id,1,2,3,4,5,6,7,8,9,10,11,12,13,14
/accounts/profile/stevenfrank,['Computer Science'],,,,,,,,,,,,,
/accounts/profile/paulhundal1,['Biology & Life Sciences'],['Health & Safety'],['Communication'],,,,,,,,,,,
/accounts/profile/juanmiguelsimonotto,['History'],,,,,,,,,,,,,
/accounts/profile/yangyong,['History'],,,,,,,,,,,,,
/accounts/profile/victorcampossilveira,"['History', 'Governance and Society', 'Music and Art', 'Personal Development', 'Math and Logic']",['History'],,,,,,,,,,,,
/accounts/profile/anukul,['Philosophy & Ethics'],,,,,,,,,,,,,
/accounts/profile/carlosperezgarzon,['Philosophy & Ethics'],,,,,,,,,,,,,
/accounts/profile/marjancek,"['Machine Learning', 'Data Analysis']","['Data Analysis', 'Biology']","['Machine Learning', 'Mobile and Web Development']","['Medicine & Healthcare', 'Philosophy']","['Psychology', 'Philosophy']",['Ethics'],,,,,,,,
/accounts/profile/trisuseno,['Data Analysis & Statistics'],['Philosophy & Ethics'],,,,,,,,,,,,
/accounts/profile/sripalreddy.ch.1,['Philosophy & Ethics'],,,,,,,,,,,,,
/accounts/profile/ondrejhanak,['Philosophy & Ethics'],,,,,,,,,,,,,
/accounts/profile/alemaria,['Philosophy & Ethics'],,,,,,,,,,,,,
/accounts/profile/andreafernandez1,['Philosophy & Ethics'],,,,,,,,,,,,,
/accounts/profile/paulreiners,['Philosophy & Ethics'],,,,,,,,,,,,,
/accounts/profile/adityasekar,['Philosophy & Ethics'],,,,,,,,,,,,,
/accounts/profile/dickheiser,"['Philosophy & Ethics', 'Psychology']",,,,,,,,,,,,,
/accounts/profile/ahmedmedhat,['Philosophy & Ethics'],,,,,,,,,,,,,
/accounts/profile/usmanlakhani,['Medicine & Healthcare'],['Medicine & Healthcare'],"['Philosophy & Ethics', 'Data Analysis']",,,,,,,,,,,
/accounts/profile/ricardoteixeira,['Bioinformatics'],['Biology'],['Philosophy'],"['Psychology', 'Environmental Science and Sustainability']",['Biology'],['Psychology'],['Psychology'],['Governance and Society'],['Governance and Society'],['Math and Logic'],['Anthropology'],['Biology'],['Philosophy'],"['Math and Logic', 'Biology']"
/accounts/profile/spyrospotamianos,['Energy & Earth Sciences'],,,,,,,,,,,,,
/accounts/profile/tanzeyking,['Energy & Earth Sciences'],,,,,,,,,,,,,
/accounts/profile/mohnishpandey,['Energy & Earth Sciences'],,,,,,,,,,,,,
/accounts/profile/jamescoy,['Energy & Earth Sciences'],,,,,,,,,,,,,
/accounts/profile/andrewrundlekeswick,"['Energy & Earth Sciences', 'Physics', 'Software Development', 'Environmental Science and Sustainability', 'Governance and Society']",,,,,,,,,,,,,
/accounts/profile/kaccieli1,['Computer Science'],['Computer Science'],['Biology & Life Sciences'],,,,,,,,,,,
/accounts/profile/greghamel,['Algorithms'],['Algorithms'],['Computer Security and Networks'],['Computer Science'],['Philosophy'],['Math and Logic'],"['Probability and Statistics', 'Data Analysis']",['Data Analysis'],['Math'],['Data Analysis & Statistics'],['Math'],['Business & Management'],['Communication'],
/accounts/profile/estebanafonso,['Data Analysis & Statistics'],,,,,,,,,,,,,
/accounts/profile/fpgibson,['Data Analysis & Statistics'],,,,,,,,,,,,,
/accounts/profile/thirumalvenkat,"['Data Analysis & Statistics', 'Math']",,,,,,,,,,,,,
/accounts/profile/dianneb,['Data Analysis & Statistics'],,,,,,,,,,,,,
/accounts/profile/thomasanichini,"['Data Analysis & Statistics', 'Machine Learning', 'Data Analysis']",,,,,,,,,,,,,
/accounts/profile/alessandromalerba,['Data Analysis & Statistics'],,,,,,,,,,,,,
/accounts/profile/wangcosmo,['Data Analysis & Statistics'],,,,,,,,,,,,,
/accounts/profile/alnur.tanondong.9,"['Data Analysis & Statistics', 'Chemistry', 'Physics']",['Energy & Earth Sciences'],,,,,,,,,,,,
/accounts/profile/dongguen.lee.16,['Data Analysis & Statistics'],,,,,,,,,,,,,
/accounts/profile/chandnigoenka,['Data Analysis & Statistics'],,,,,,,,,,,,,
/accounts/profile/vikasgoyal,['Data Analysis & Statistics'],,,,,,,,,,,,,
/accounts/profile/padmanabhansubbian1,['Data Analysis & Statistics'],,,,,,,,,,,,,
/accounts/profile/kenlin,['Data Analysis & Statistics'],,,,,,,,,,,,,
/accounts/profile/nitinsoni,['Data Analysis & Statistics'],,,,,,,,,,,,,
/accounts/profile/danielariano,['Data Analysis & Statistics'],,,,,,,,,,,,,
/accounts/profile/maxim,['Data Analysis & Statistics'],,,,,,,,,,,,,
"/accounts/profile/RajuNalawade,PMP",['Data Analysis & Statistics'],,,,,,,,,,,,,
/accounts/profile/hz,['Data Analysis & Statistics'],,,,,,,,,,,,,
/accounts/profile/baatraa.uugii,['Data Analysis & Statistics'],,,,,,,,,,,,,
/accounts/profile/sudheermarisetti,['Data Analysis & Statistics'],,,,,,,,,,,,,
/accounts/profile/matt.morrill.50,['Data Analysis & Statistics'],,,,,,,,,,,,,
/accounts/profile/jennifercarrasco,['Data Analysis & Statistics'],,,,,,,,,,,,,
/accounts/profile/pcabraham,['Data Analysis & Statistics'],,,,,,,,,,,,,
/accounts/profile/omarbickell,['Data Analysis & Statistics'],,,,,,,,,,,,,
/accounts/profile/cristianvalenzuela,['Data Analysis & Statistics'],,,,,,,,,,,,,
/accounts/profile/rafaelmendes1,['Data Analysis & Statistics'],,,,,,,,,,,,,
/accounts/profile/grantbeyleveld,['Data Analysis & Statistics'],,,,,,,,,,,,,
/accounts/profile/lucascastro,['Data Analysis & Statistics'],,,,,,,,,,,,,
/accounts/profile/tarunaryyan,['Data Analysis & Statistics'],,,,,,,,,,,,,
/accounts/profile/anneburke,['Data Analysis & Statistics'],,,,,,,,,,,,,
/accounts/profile/markbutler,['Data Analysis & Statistics'],,,,,,,,,,,,,
/accounts/profile/jeremy,"['Data Analysis & Statistics', 'Data Analysis']",,,,,,,,,,,,,
/accounts/profile/aleksandrpetrikov1,['Computer Security and Networks'],,,,,,,,,,,,,
/accounts/profile/equanimouscreativity,['Computer Science'],['Software Development'],['Computer Science'],['Computer Science'],['Computer Science'],,,,,,,,,
/accounts/profile/hamidehiraj,['Data Analysis & Statistics'],"['Machine Learning', 'Mobile and Web Development', 'Data Analysis', 'Business Strategy']","['Software Development', 'Data Analysis']",['Data Analysis'],,,,,,,,,,
/accounts/profile/earlmesser,['Business & Management'],,,,,,,,,,,,,
/accounts/profile/paulojacobsen,['Business & Management'],,,,,,,,,,,,,
/accounts/profile/manohargarikapati,['Business & Management'],,,,,,,,,,,,,
/accounts/profile/davidroche,['Business & Management'],,,,,,,,,,,,,
/accounts/profile/andresussacaycedo,['Business & Management'],,,,,,,,,,,,,
/accounts/profile/lesliedycke,['Business & Management'],,,,,,,,,,,,,
/accounts/profile/veronicarobledo,['Business & Management'],,,,,,,,,,,,,
/accounts/profile/lgmiotto,['Business & Management'],,,,,,,,,,,,,
/accounts/profile/andycheung,['Business & Management'],,,,,,,,,,,,,
/accounts/profile/patricia.dzigas,['Business & Management'],,,,,,,,,,,,,
/accounts/profile/leonidshnayder,['Business & Management'],,,,,,,,,,,,,
/accounts/profile/mavridisgeorg,['Business & Management'],['Computer Science'],,,,,,,,,,,,
/accounts/profile/nkkn,['Business & Management'],,,,,,,,,,,,,
/accounts/profile/pavelklammert,['Business & Management'],,,,,,,,,,,,,
/accounts/profile/martinstaviar1,['Business & Management'],,,,,,,,,,,,,
/accounts/profile/maureenkinyanjui,['Business & Management'],,,,,,,,,,,,,
/accounts/profile/Goran_BA,['Business & Management'],,,,,,,,,,,,,
/accounts/profile/minna.christakos,['Business & Management'],,,,,,,,,,,,,
/accounts/profile/nidhisharma,['Business & Management'],,,,,,,,,,,,,
/accounts/profile/edgarcamargo,['Business & Management'],,,,,,,,,,,,,
/accounts/profile/sheronyoung,['Business & Management'],,,,,,,,,,,,,
/accounts/profile/vincemckenney,['Business & Management'],,,,,,,,,,,,,
/accounts/profile/erikavirtanengalt,['Business & Management'],,,,,,,,,,,,,
/accounts/profile/ivanas,"['History', 'Music and Art']",['Business Strategy'],['Data Analysis'],['Business & Management'],,,,,,,,,,
/accounts/profile/sandieberhardt,['Business & Management'],,,,,,,,,,,,,
/accounts/profile/yvonnespivack,['Business & Management'],,,,,,,,,,,,,
/accounts/profile/OsmithVides,['Business & Management'],,,,,,,,,,,,,
/accounts/profile/ydriouicha,['Business & Management'],,,,,,,,,,,,,
/accounts/profile/wisitwongtassaneekorn,['Business & Management'],,,,,,,,,,,,,
/accounts/profile/basaruncu,['Business & Management'],,,,,,,,,,,,,
/accounts/profile/poojanandy,['Business & Management'],,,,,,,,,,,,,
/accounts/profile/kostaskechagias,['Business & Management'],,,,,,,,,,,,,
/accounts/profile/stephanieshaff,['Business & Management'],,,,,,,,,,,,,
/accounts/profile/graemeroberts,['Business & Management'],,,,,,,,,,,,,
/accounts/profile/danielmcdonald,['Physics and Astronomy'],,,,,,,,,,,,,
/accounts/profile/sylvain.chambon,['Biology & Life Sciences'],,,,,,,,,,,,,
/accounts/profile/nalinvenkatsameera,"['Biology & Life Sciences', 'Physics and Astronomy']",,,,,,,,,,,,,
/accounts/profile/shalinik,['Biology & Life Sciences'],,,,,,,,,,,,,
/accounts/profile/jamessmith,['Biology & Life Sciences'],,,,,,,,,,,,,
/accounts/profile/kyengineer,['Biology & Life Sciences'],,,,,,,,,,,,,
/accounts/profile/allanyue,['Biology & Life Sciences'],,,,,,,,,,,,,
/accounts/profile/stuartwilloughby,['Biology'],['Biology & Life Sciences'],,,,,,,,,,,,
/accounts/profile/alisonscott,['Biology & Life Sciences'],['Chemistry'],,,,,,,,,,,,
/accounts/profile/jamiebj,"['Biology & Life Sciences', 'Biology', 'Medicine & Healthcare', 'Medicine & Healthcare']",['Medicine & Healthcare'],,,,,,,,,,,,
/accounts/profile/jt1,['Biology & Life Sciences'],,,,,,,,,,,,,
/accounts/profile/terrystewart,['Biology & Life Sciences'],,,,,,,,,,,,,
/accounts/profile/nisheethbandaru,"['Biology & Life Sciences', 'Computer Science']",,,,,,,,,,,,,
/accounts/profile/enricobellucci,['Biology & Life Sciences'],,,,,,,,,,,,,
/accounts/profile/maureenthomas,"['Biology & Life Sciences', 'Medicine & Healthcare']",,,,,,,,,,,,,
/accounts/profile/steffenschwientek,['Biology & Life Sciences'],,,,,,,,,,,,,
/accounts/profile/Rachel321,['Biology & Life Sciences'],,,,,,,,,,,,,
/accounts/profile/keithmitchell,['Computer Science'],,,,,,,,,,,,,
/accounts/profile/cleamcdonald,['History'],,,,,,,,,,,,,
/accounts/profile/DanielN.Gullotta,['History'],,,,,,,,,,,,,
/accounts/profile/boyarsky,['Software Development'],['Computer Science'],['Personal Development'],['Software Development'],['Software Development'],['Governance and Society'],,,,,,,,
/accounts/profile/atulrajdhar,['Math'],,,,,,,,,,,,,
/accounts/profile/trevorfarley1,['Math'],,,,,,,,,,,,,
/accounts/profile/juliobautista,['Math'],,,,,,,,,,,,,
/accounts/profile/anuthelema,['Math'],,,,,,,,,,,,,
/accounts/profile/chrisalford,['Law'],,,,,,,,,,,,,
/accounts/profile/jackoverton,['Law'],,,,,,,,,,,,,
/accounts/profile/rogerleyster,['Software Development'],,,,,,,,,,,,,
/accounts/profile/dennishorne,['Physics and Astronomy'],['Governance and Society'],['Physics and Astronomy'],,,,,,,,,,,
/accounts/profile/krishnavaidyanathan,['Software Development'],,,,,,,,,,,,,
/accounts/profile/kevinzhu,['Machine Learning'],,,,,,,,,,,,,
/accounts/profile/franciscogoitia,['Software Development'],['Data Analysis'],,,,,,,,,,,,
/accounts/profile/johnhopkins1,['Computer Science'],,,,,,,,,,,,,
/accounts/profile/shahzad.sab,['Computer Science'],,,,,,,,,,,,,
/accounts/profile/yaldamohammadian,"['Computer Science', 'Economics']",,,,,,,,,,,,,
/accounts/profile/dmitriyalexeev,['Computer Science'],,,,,,,,,,,,,
/accounts/profile/miguelvargas,['Computer Science'],"['Math', 'Math and Logic']",['Software Development'],,,,,,,,,,,
/accounts/profile/mohamedashraf,['Computer Science'],['Computer Science'],,,,,,,,,,,,
/accounts/profile/richardkirkpatrick,['Computer Science'],,,,,,,,,,,,,
/accounts/profile/vaggelas,['Software Development'],"['Data Analysis', 'Medicine & Healthcare']",['Machine Learning'],['Software Development'],"['Biology', 'Biology']",['Computer Science'],['Software Development'],['Psychology'],,,,,,
/accounts/profile/ilyarudyak,"['Computer Science', 'Computer Science']",['Math and Logic'],['Algorithms'],,,,,,,,,,,
/accounts/profile/davidgraham,['Computer Science'],,,,,,,,,,,,,
/accounts/profile/deniskandarov,['Software Development'],"['Computer Science', 'Software Development']",,,,,,,,,,,,
/accounts/profile/anna1,"['Computer Science', 'Biology', 'Leadership and Management', 'Learning English', 'Psychology', 'Economics']",,,,,,,,,,,,,
/accounts/profile/arnoldlau,['Data Analysis'],['Psychology'],['Software Development'],['Computer Science'],,,,,,,,,,
/accounts/profile/dustinrexroat,['Health & Safety'],,,,,,,,,,,,,
/accounts/profile/alexandremarques,"['Health & Safety', 'Energy & Earth Sciences']",,,,,,,,,,,,,
/accounts/profile/ahmed_yossri,['Health & Safety'],,,,,,,,,,,,,
/accounts/profile/florielancien,"['Biology', 'History']","['Health & Safety', 'Leadership and Management']",,,,,,,,,,,,
/accounts/profile/boryszibrov,['Algorithms'],['Algorithms'],,,,,,,,,,,,
/accounts/profile/sharynrayner,['Communication'],,,,,,,,,,,,,
/accounts/profile/sherrievonsternberg,['Communication'],,,,,,,,,,,,,
/accounts/profile/lauraschaeffer,['Communication'],,,,,,,,,,,,,
/accounts/profile/diananasi,['Communication'],,,,,,,,,,,,,
/accounts/profile/alaaelshaer,['Communication'],,,,,,,,,,,,,
/accounts/profile/estelle.gauthier2,['Communication'],,,,,,,,,,,,,
/accounts/profile/marciajensen,['Communication'],,,,,,,,,,,,,
/accounts/profile/saskia,['Communication'],,,,,,,,,,,,,
/accounts/profile/concepciongarciaf,['Communication'],,,,,,,,,,,,,
/accounts/profile/susanareyes,['Communication'],,,,,,,,,,,,,
/accounts/profile/timm,['Communication'],,,,,,,,,,,,,
/accounts/profile/florenttoniello,['Social Sciences'],,,,,,,,,,,,,
/accounts/profile/leonardmangini1,"['Math and Logic', 'Leadership and Management', 'Math and Logic', 'Economics']","['Math and Logic', 'Nanotechnology']","['Physics and Astronomy', 'Leadership and Management', 'Business & Management', 'Business Strategy', 'Governance and Society']",,,,,,,,,,,
/accounts/profile/michaelmickeyhegarty1,['Math and Logic'],['Math'],,,,,,,,,,,,
/accounts/profile/sam,['Software Development'],,,,,,,,,,,,,
/accounts/profile/akshaybaraik,['Computer Science'],,,,,,,,,,,,,
/accounts/profile/jacky,['Computer Science'],,,,,,,,,,,,,
/accounts/profile/mattsvensson,['Computer Science'],,,,,,,,,,,,,
/accounts/profile/anon_j,['Software Development'],['Computer Science'],['Design and Product'],['Entrepreneurship'],,,,,,,,,,
/accounts/profile/jamiebergen,['Computer Science'],,,,,,,,,,,,,
/accounts/profile/joanginard,['Computer Science'],,,,,,,,,,,,,
/accounts/profile/zellily,"['Computer Science', 'Electrical Engineering']",['Computer Science'],,,,,,,,,,,,
/accounts/profile/eugenemetlyaev,['Computer Science'],,,,,,,,,,,,,
/accounts/profile/christopherdwalborn,['Computer Science'],,,,,,,,,,,,,
/accounts/profile/gregorybush,"['Computer Science', 'Algorithms', 'Computer Science']",['Physics and Astronomy'],['History'],['Computer Science'],,,,,,,,,,
/accounts/profile/mizar83,"['Computer Science', 'Computer Science']","['Software Development', 'Software Development']","['Software Development', 'Probability and Statistics']",['Computer Science'],,,,,,,,,,
/accounts/profile/donradick,"['Computer Science', 'Software Development', 'Software Development']",,,,,,,,,,,,,
/accounts/profile/danbrown,"['Electronics', 'Physics and Astronomy']",,,,,,,,,,,,,
/accounts/profile/sagarsachdeva,['Electronics'],,,,,,,,,,,,,
/accounts/profile/romanshapovalov,['Machine Learning'],['Algorithms'],['Machine Learning'],,,,,,,,,,,
/accounts/profile/chadcolgur,['Algorithms'],,,,,,,,,,,,,
/accounts/profile/rossbrown1,['Computer Science'],,,,,,,,,,,,,
/accounts/profile/bilalkorir,['Computer Science'],,,,,,,,,,,,,
/accounts/profile/prashanth.ravindran.7,"['Biology & Life Sciences', 'Computer Science']",,,,,,,,,,,,,
/accounts/profile/drabhijeetsafai,['Health & Safety'],,,,,,,,,,,,,
/accounts/profile/rahulkdash1,['Electronics'],,,,,,,,,,,,,
/accounts/profile/brunodesouza,['Electronics'],,,,,,,,,,,,,
/accounts/profile/casseusmaxime,['Computer Science'],,,,,,,,,,,,,
/accounts/profile/mitchellstokes,['Computer Science'],,,,,,,,,,,,,
/accounts/profile/tetefd78,['Computer Science'],,,,,,,,,,,,,
/accounts/profile/krishanubandyopadhyay,['Computer Science'],,,,,,,,,,,,,
/accounts/profile/prateekshakeshari,['Computer Science'],,,,,,,,,,,,,
/accounts/profile/sergiodiazjubera1,['Computer Science'],,,,,,,,,,,,,
/accounts/profile/luca.penasa,['Computer Science'],,,,,,,,,,,,,
/accounts/profile/dibyenduchatterjee,['Computer Science'],,,,,,,,,,,,,
/accounts/profile/michaels,['Computer Science'],,,,,,,,,,,,,
/accounts/profile/balakrishna,['Computer Science'],,,,,,,,,,,,,
/accounts/profile/garykavanagh,['Computer Science'],,,,,,,,,,,,,
/accounts/profile/sumeshchandran,['Computer Science'],,,,,,,,,,,,,
/accounts/profile/joaocoelho1,['Computer Science'],,,,,,,,,,,,,
/accounts/profile/igorsokolov,"['Computer Science', 'Software Development']",['Computer Science'],,,,,,,,,,,,
/accounts/profile/salamelbsat,['Computer Science'],,,,,,,,,,,,,
/accounts/profile/gordon,['Data Analysis'],"['Data Analysis', 'Biology']",['Chemistry'],,,,,,,,,,,
/accounts/profile/wb,['Chemistry'],['Nutrition'],"['Chemistry', 'Medicine & Healthcare']",['Biology'],,,,,,,,,,
/accounts/profile/llewellynmann,['Chemistry'],,,,,,,,,,,,,
/accounts/profile/justineivan,"['Engineering', 'Software Development', 'Physics and Astronomy', 'Math and Logic', 'Bioinformatics']","['Philosophy', 'Education']",,,,,,,,,,,,
/accounts/profile/gabriel,['Psychology'],"['Software Development', 'Software Development']",['Psychology'],,,,,,,,,,,
/accounts/profile/shirleyamy,['Chemistry'],,,,,,,,,,,,,
/accounts/profile/massimilianolosi1,['Chemistry'],,,,,,,,,,,,,
/accounts/profile/linechampagnecmafcma,['Chemistry'],,,,,,,,,,,,,
/accounts/profile/kategribble,['Chemistry'],,,,,,,,,,,,,
/accounts/profile/SreekanthAnantharaman,['Chemistry'],,,,,,,,,,,,,
/accounts/profile/christopherwisniewski,['Chemistry'],,,,,,,,,,,,,
/accounts/profile/franciscopalencia,['Chemistry'],,,,,,,,,,,,,
/accounts/profile/sylviabowles,['Chemistry'],,,,,,,,,,,,,
/accounts/profile/michele.leblanc.3990,['Chemistry'],,,,,,,,,,,,,
/accounts/profile/barbaramesquita,['Chemistry'],,,,,,,,,,,,,
/accounts/profile/tomsantacruz1,['Chemistry'],,,,,,,,,,,,,
/accounts/profile/carengibson,['Chemistry'],,,,,,,,,,,,,
/accounts/profile/natalyakiselnikova,['Chemistry'],,,,,,,,,,,,,
/accounts/profile/cynthiaphillips,['Chemistry'],,,,,,,,,,,,,
/accounts/profile/anoopkulkarni,['Physics'],,,,,,,,,,,,,
/accounts/profile/tejasiyer,['Physics'],,,,,,,,,,,,,
/accounts/profile/the.gerenuk,"['Computer Science', 'Probability and Statistics', 'Software Development', 'Algorithms', 'Governance and Society', 'Psychology']",['Math and Logic'],['Biology'],,,,,,,,,,,
/accounts/profile/bqf2000,"['Software Development', 'Psychology', 'Entrepreneurship']","['Computer Science', 'Math and Logic', 'Physics and Astronomy']",,,,,,,,,,,,
/accounts/profile/jonathanwhittington,['Computer Science'],,,,,,,,,,,,,
/accounts/profile/homerthompson,['Physics and Astronomy'],['Algorithms'],['Algorithms'],['Physics and Astronomy'],"['Math', 'Algorithms']",['Math and Logic'],['Math and Logic'],,,,,,,
/accounts/profile/frankmendelsohn,['Software Development'],,,,,,,,,,,,,
/accounts/profile/lloydknott,['Software Development'],,,,,,,,,,,,,
/accounts/profile/otuyelu,['Software Development'],,,,,,,,,,,,,
/accounts/profile/pankajbasliyal,['Software Development'],,,,,,,,,,,,,
/accounts/profile/ryannardiellogmailcomryannardi,['Software Development'],,,,,,,,,,,,,
/accounts/profile/emanuelmoreno,['Software Development'],,,,,,,,,,,,,
/accounts/profile/simonguenette,['Software Development'],,,,,,,,,,,,,
/accounts/profile/gabrielfernandes,['Software Development'],,,,,,,,,,,,,
/accounts/profile/adinatudor,['Software Development'],,,,,,,,,,,,,
/accounts/profile/danayarimi1,['Software Development'],,,,,,,,,,,,,
/accounts/profile/simondestercke1,['Software Development'],,,,,,,,,,,,,
/accounts/profile/maciejcisowskiw,['Software Development'],,,,,,,,,,,,,
/accounts/profile/nabinshrestha,['Software Development'],,,,,,,,,,,,,
/accounts/profile/avinashkommineni,['Software Development'],,,,,,,,,,,,,
/accounts/profile/duncanmurray,['Machine Learning'],['Software Development'],['Computer Science'],"['Computer Science', 'Sociology', 'Computer Science', 'Entrepreneurship', 'Software Development']","['Math and Logic', 'Data Analysis']",['Software Development'],,,,,,,,
/accounts/profile/dastanabdrakhmanov,['Software Development'],,,,,,,,,,,,,
/accounts/profile/barrylai,['Software Development'],,,,,,,,,,,,,
/accounts/profile/wanqiongqiao,['Software Development'],,,,,,,,,,,,,
/accounts/profile/elenanisioti,['Software Development'],,,,,,,,,,,,,
/accounts/profile/carolchung,"['Software Development', 'Entrepreneurship']",,,,,,,,,,,,,
/accounts/profile/diegocoto,['Software Development'],,,,,,,,,,,,,
/accounts/profile/krisnybakken,['Software Development'],,,,,,,,,,,,,
/accounts/profile/Cecilia.Cheng0210,['Software Development'],,,,,,,,,,,,,
/accounts/profile/dazdnconfuzled,['Software Development'],,,,,,,,,,,,,
/accounts/profile/rohitsingh,['Software Development'],,,,,,,,,,,,,
/accounts/profile/0x4d59,['Software Development'],,,,,,,,,,,,,
/accounts/profile/ekaterinashainiak,['Software Development'],,,,,,,,,,,,,
/accounts/profile/arlan.wareham,['Software Development'],,,,,,,,,,,,,
/accounts/profile/peterbarbosa,['Software Development'],,,,,,,,,,,,,
/accounts/profile/bryantbair,['Software Development'],,,,,,,,,,,,,
/accounts/profile/michaelrobinson,['Software Development'],,,,,,,,,,,,,
/accounts/profile/mirjanakovacevic,['Software Development'],,,,,,,,,,,,,
/accounts/profile/javier.perezrabasa,['Software Development'],,,,,,,,,,,,,
/accounts/profile/andrewvida,['Software Development'],,,,,,,,,,,,,
/accounts/profile/nichollri,['Software Development'],,,,,,,,,,,,,
/accounts/profile/alexander.otrokov,['Software Development'],,,,,,,,,,,,,
/accounts/profile/amirniazi1,['Software Development'],,,,,,,,,,,,,
/accounts/profile/erezglicklich,['Software Development'],,,,,,,,,,,,,
/accounts/profile/jasonriggs,['Software Development'],,,,,,,,,,,,,
/accounts/profile/lauriepalepu,['Software Development'],,,,,,,,,,,,,
/accounts/profile/gregs,['Software Development'],,,,,,,,,,,,,
/accounts/profile/debarshikar,['Software Development'],,,,,,,,,,,,,
/accounts/profile/tzutinglin,['Software Development'],,,,,,,,,,,,,
/accounts/profile/ianfotheringham,['Software Development'],,,,,,,,,,,,,
/accounts/profile/abhineetgupta,['Software Development'],,,,,,,,,,,,,
/accounts/profile/peterkronfeld,['Software Development'],,,,,,,,,,,,,
/accounts/profile/francisanaya,['Software Development'],,,,,,,,,,,,,
/accounts/profile/sw,['Software Development'],,,,,,,,,,,,,
/accounts/profile/nareshkumarvedachalam,['Software Development'],,,,,,,,,,,,,
/accounts/profile/ernestosantillan,['Software Development'],,,,,,,,,,,,,
/accounts/profile/75,['Software Development'],,,,,,,,,,,,,
/accounts/profile/74,['Software Development'],,,,,,,,,,,,,
/accounts/profile/rogerhuerlimann,['Software Development'],,,,,,,,,,,,,
/accounts/profile/anthonyangus,['Software Development'],,,,,,,,,,,,,
/accounts/profile/gopalatumuluri,['Software Development'],,,,,,,,,,,,,
/accounts/profile/ArtemKleshchenok,['Software Development'],,,,,,,,,,,,,
/accounts/profile/pallavidatla,['Software Development'],,,,,,,,,,,,,
/accounts/profile/christopherdavis,['Software Development'],,,,,,,,,,,,,
/accounts/profile/sunillakamsani,['Software Development'],,,,,,,,,,,,,
/accounts/profile/studentrao,['Software Development'],,,,,,,,,,,,,
/accounts/profile/axelsaliniere,['Software Development'],,,,,,,,,,,,,
/accounts/profile/liyangchen,['Software Development'],,,,,,,,,,,,,
/accounts/profile/heshamg,['Software Development'],,,,,,,,,,,,,
/accounts/profile/KazuhikoYasuda,['Software Development'],,,,,,,,,,,,,
/accounts/profile/mattvelas,['Software Development'],,,,,,,,,,,,,
/accounts/profile/UlisesDarioGuzmanSol,['Software Development'],,,,,,,,,,,,,
/accounts/profile/difanchen,['Software Development'],,,,,,,,,,,,,
/accounts/profile/alinaakhmerova,['Software Development'],,,,,,,,,,,,,
/accounts/profile/navishagarwal,['Software Development'],,,,,,,,,,,,,
/accounts/profile/valerydmitriev,['Software Development'],,,,,,,,,,,,,
/accounts/profile/madhus,['Software Development'],,,,,,,,,,,,,
/accounts/profile/robhammann,['Software Development'],,,,,,,,,,,,,
/accounts/profile/marinaborisova,['Software Development'],,,,,,,,,,,,,
/accounts/profile/juliusjacobson,['Software Development'],,,,,,,,,,,,,
/accounts/profile/jacobfeldman,['Software Development'],,,,,,,,,,,,,
/accounts/profile/siddharthn,['Computer Security and Networks'],"['Software Development', 'Probability and Statistics']",,,,,,,,,,,,
/accounts/profile/andrey.moerov,['Software Development'],,,,,,,,,,,,,
/accounts/profile/andrewdiodati,['Software Development'],,,,,,,,,,,,,
/accounts/profile/scottblaydes,['Software Development'],,,,,,,,,,,,,
/accounts/profile/praysonpate,['Software Development'],,,,,,,,,,,,,
/accounts/profile/jw,['Software Development'],,,,,,,,,,,,,
/accounts/profile/tanyahoward,['Software Development'],,,,,,,,,,,,,
/accounts/profile/giovannidinoia,['Software Development'],,,,,,,,,,,,,
/accounts/profile/chrispalmieri,['Software Development'],,,,,,,,,,,,,
/accounts/profile/curtarbtin,['Software Development'],,,,,,,,,,,,,
/accounts/profile/hansvanbeek,['Software Development'],,,,,,,,,,,,,
/accounts/profile/josymoyer,['Software Development'],,,,,,,,,,,,,
/accounts/profile/krishnakishordevarakonda,['Software Development'],,,,,,,,,,,,,
/accounts/profile/carolynsims,['Software Development'],,,,,,,,,,,,,
/accounts/profile/mariatabachnikova,['Software Development'],,,,,,,,,,,,,
/accounts/profile/rafaelvictoriapereira,['Software Development'],,,,,,,,,,,,,
/accounts/profile/leonardomarianodarocha,['Software Development'],,,,,,,,,,,,,
/accounts/profile/leopepe97,['Software Development'],,,,,,,,,,,,,
/accounts/profile/ch71225,['Software Development'],,,,,,,,,,,,,
/accounts/profile/renemarves,['Software Development'],,,,,,,,,,,,,
/accounts/profile/zhu.maxwell,['Software Development'],,,,,,,,,,,,,
/accounts/profile/stbmontufar,['Software Development'],,,,,,,,,,,,,
/accounts/profile/vsa467,['Software Development'],,,,,,,,,,,,,
/accounts/profile/gabrielyoutsey1,['Software Development'],,,,,,,,,,,,,
/accounts/profile/ms,['Software Development'],,,,,,,,,,,,,
/accounts/profile/zakirahmed,['Software Development'],,,,,,,,,,,,,
/accounts/profile/garyhartshorn,['Software Development'],,,,,,,,,,,,,
/accounts/profile/SidongHou,['Software Development'],,,,,,,,,,,,,
/accounts/profile/irekakberov,['Software Development'],,,,,,,,,,,,,
/accounts/profile/nguyensontung,['Software Development'],,,,,,,,,,,,,
/accounts/profile/73,['Software Development'],,,,,,,,,,,,,
/accounts/profile/mariorojas,['Software Development'],,,,,,,,,,,,,
/accounts/profile/kalyanikulkarni,['Software Development'],,,,,,,,,,,,,
/accounts/profile/leonardodossantospinheiro,['Software Development'],,,,,,,,,,,,,
/accounts/profile/fermin.huarte,['Software Development'],,,,,,,,,,,,,
/accounts/profile/bentomlinson,['Software Development'],,,,,,,,,,,,,
/accounts/profile/samanthaday,['Software Development'],,,,,,,,,,,,,
/accounts/profile/priyankartalukdar1,['Software Development'],,,,,,,,,,,,,
/accounts/profile/hemanthsindhanuru,['Software Development'],,,,,,,,,,,,,
/accounts/profile/asishmahapatra,['Software Development'],,,,,,,,,,,,,
/accounts/profile/julian,['Software Development'],,,,,,,,,,,,,
/accounts/profile/andreaspera,['Software Development'],,,,,,,,,,,,,
/accounts/profile/benredahan,['Software Development'],,,,,,,,,,,,,
/accounts/profile/michaelbjrklund,['Software Development'],,,,,,,,,,,,,
/accounts/profile/marcello1,['Economics'],['Software Development'],,,,,,,,,,,,
/accounts/profile/samjohnson,['Software Development'],,,,,,,,,,,,,
/accounts/profile/fernandosuarezguerra,['Software Development'],,,,,,,,,,,,,
/accounts/profile/jerryrobinson,['Software Development'],,,,,,,,,,,,,
/accounts/profile/nitinrajbm,['Software Development'],,,,,,,,,,,,,
/accounts/profile/juanhernandez,['Software Development'],,,,,,,,,,,,,
/accounts/profile/luismontoya,['Software Development'],,,,,,,,,,,,,
/accounts/profile/72,['Software Development'],,,,,,,,,,,,,
/accounts/profile/kunji,['Software Development'],,,,,,,,,,,,,
/accounts/profile/gregwilliamson,['Software Development'],,,,,,,,,,,,,
/accounts/profile/glenguyett,['Software Development'],,,,,,,,,,,,,
/accounts/profile/theotsoukatos1,['Software Development'],,,,,,,,,,,,,
/accounts/profile/benjaminboycebellair,['Software Development'],,,,,,,,,,,,,
/accounts/profile/kimfarrar,['Software Development'],,,,,,,,,,,,,
/accounts/profile/margaretharriman,['Software Development'],,,,,,,,,,,,,
/accounts/profile/gm,['Software Development'],,,,,,,,,,,,,
/accounts/profile/davepacia1,['Software Development'],,,,,,,,,,,,,
/accounts/profile/johnliu,['Software Development'],,,,,,,,,,,,,
/accounts/profile/mobster,['Software Development'],,,,,,,,,,,,,
/accounts/profile/krasimirhristozov,['Software Development'],,,,,,,,,,,,,
/accounts/profile/chirantankanani,['Software Development'],,,,,,,,,,,,,
/accounts/profile/brucegeist,['Software Development'],,,,,,,,,,,,,
/accounts/profile/janehiggins,['Software Development'],,,,,,,,,,,,,
/accounts/profile/sivabalasubramanian,['Software Development'],,,,,,,,,,,,,
/accounts/profile/ilyakhadykin,['Software Development'],,,,,,,,,,,,,
/accounts/profile/seanmcguire,['Software Development'],,,,,,,,,,,,,
/accounts/profile/randyvillarino,['Software Development'],,,,,,,,,,,,,
/accounts/profile/antonshirikov,['Software Development'],,,,,,,,,,,,,
/accounts/profile/gavtronone,['Software Development'],,,,,,,,,,,,,
/accounts/profile/anastasioskotronis,['Software Development'],,,,,,,,,,,,,
/accounts/profile/carlesbatalla,['Software Development'],,,,,,,,,,,,,
/accounts/profile/alexgeorgousis,['Software Development'],,,,,,,,,,,,,
/accounts/profile/sebastiangreco81,['Software Development'],,,,,,,,,,,,,
/accounts/profile/NissankaWickremasinghe,['Software Development'],,,,,,,,,,,,,
/accounts/profile/abelardolopez,['Software Development'],,,,,,,,,,,,,
/accounts/profile/zhongdeyu,['Software Development'],,,,,,,,,,,,,
/accounts/profile/alrod,['Software Development'],,,,,,,,,,,,,
/accounts/profile/troymessal,['Software Development'],,,,,,,,,,,,,
/accounts/profile/MikaelPalo,['Software Development'],,,,,,,,,,,,,
/accounts/profile/albertprades1,['Software Development'],,,,,,,,,,,,,
/accounts/profile/jj,['Software Development'],,,,,,,,,,,,,
/accounts/profile/margrietamersfoortvan,['Software Development'],,,,,,,,,,,,,
/accounts/profile/jondollard,['Software Development'],,,,,,,,,,,,,
/accounts/profile/gilbert,['Software Development'],,,,,,,,,,,,,
/accounts/profile/thomaskenny,['Software Development'],,,,,,,,,,,,,
/accounts/profile/mezbah4u,['Software Development'],,,,,,,,,,,,,
/accounts/profile/ianscott,['Software Development'],,,,,,,,,,,,,
/accounts/profile/woody.french.1,['Software Development'],,,,,,,,,,,,,
/accounts/profile/shashankpedamallu,['Software Development'],,,,,,,,,,,,,
/accounts/profile/amireynoso1,['Software Development'],,,,,,,,,,,,,
/accounts/profile/pavelrorecek,['Software Development'],,,,,,,,,,,,,
/accounts/profile/shloemi,['Physics and Astronomy'],['Music and Art'],['Software Development'],,,,,,,,,,,
/accounts/profile/kevinmelillo,['Software Development'],,,,,,,,,,,,,
/accounts/profile/ah,['Software Development'],,,,,,,,,,,,,
/accounts/profile/matthewwebster1,['Software Development'],['History'],,,,,,,,,,,,
/accounts/profile/michaminicki,"['Software Development', 'Software Development']",,,,,,,,,,,,,
/accounts/profile/winthropyu,"['Software Development', 'Law', 'Economics']","['Software Development', 'Leadership and Management', 'Leadership and Management', 'Sociology', 'Psychology', 'Medicine & Healthcare', 'Learning English', 'History', 'Personal Development', 'Probability and Statistics', 'Biology', 'Software Development', 'Leadership and Management', 'Governance and Society', 'History', 'Leadership and Management', 'Computer Security and Networks', 'Data Analysis']",['Governance and Society'],,,,,,,,,,,
/accounts/profile/soesilowijono,"['Software Development', 'Math and Logic', 'Electrical Engineering', 'Computer Science']",['Electrical Engineering'],"['Algorithms', 'Computer Science', 'Algorithms', 'Music and Art', 'Algorithms', 'Algorithms']",['Electrical Engineering'],['Electrical Engineering'],,,,,,,,,
/accounts/profile/muhammadzakwan,['Software Development'],,,,,,,,,,,,,
/accounts/profile/opi,"['Software Development', 'Software Development', 'Software Development']",,,,,,,,,,,,,
/accounts/profile/robinleonsinclair,"['Machine Learning', 'Computer Science']",['Software Development'],,,,,,,,,,,,
/accounts/profile/jamielytle,"['Software Development', 'Probability and Statistics']",,,,,,,,,,,,,
/accounts/profile/barrywilson,['Software Development'],,,,,,,,,,,,,
/accounts/profile/henrydinos,"['Software Development', 'Software Development']",,,,,,,,,,,,,
/accounts/profile/xinzhang,['Software Development'],,,,,,,,,,,,,
/accounts/profile/samuel,['Software Development'],,,,,,,,,,,,,
/accounts/profile/davidmarkowitz1,['Software Development'],,,,,,,,,,,,,
/accounts/profile/niallkane,['Software Development'],,,,,,,,,,,,,
/accounts/profile/gavinconran,"['Software Development', 'Music and Art', 'Data Analysis', 'Computer Science', 'Entrepreneurship']",,,,,,,,,,,,,
/accounts/profile/charliechung,['Software Development'],,,,,,,,,,,,,
/accounts/profile/elizabethpressler,['Software Development'],,,,,,,,,,,,,
/accounts/profile/pedroforquesato,"['Software Development', 'Algorithms']",,,,,,,,,,,,,
/accounts/profile/huangmou,['Software Development'],,,,,,,,,,,,,
/accounts/profile/andrew2,['Software Development'],,,,,,,,,,,,,
/accounts/profile/barryallahyar,['Software Development'],,,,,,,,,,,,,
/accounts/profile/Balaji_Ramakris,['Software Development'],,,,,,,,,,,,,
/accounts/profile/bobwake,['Physics and Astronomy'],,,,,,,,,,,,,
/accounts/profile/michalclements,['Music and Art'],,,,,,,,,,,,,
/accounts/profile/tylerdevlin,"['Music and Art', 'Psychology']",,,,,,,,,,,,,
/accounts/profile/stefanihansson,['Music and Art'],,,,,,,,,,,,,
/accounts/profile/jimfritz,['Music and Art'],,,,,,,,,,,,,
/accounts/profile/katherineedmiston,['Music and Art'],,,,,,,,,,,,,
/accounts/profile/denni,['Music and Art'],,,,,,,,,,,,,
/accounts/profile/nr,['Physics and Astronomy'],,,,,,,,,,,,,
/accounts/profile/marcoantonioamaral,['Physics and Astronomy'],,,,,,,,,,,,,
/accounts/profile/jim.rienhardt,['Physics and Astronomy'],,,,,,,,,,,,,
/accounts/profile/katerynatilishevska,['Physics and Astronomy'],,,,,,,,,,,,,
/accounts/profile/vojtechtauchman,['Physics and Astronomy'],,,,,,,,,,,,,
/accounts/profile/rafazebrowski,"['Physics and Astronomy', 'Physics and Astronomy']",,,,,,,,,,,,,
/accounts/profile/tihomirdimitrov,['Physics and Astronomy'],,,,,,,,,,,,,
/accounts/profile/ellenmcgowen,['Physics and Astronomy'],,,,,,,,,,,,,
/accounts/profile/samwaters,['Physics and Astronomy'],,,,,,,,,,,,,
/accounts/profile/tabithakatz,['Physics and Astronomy'],,,,,,,,,,,,,
/accounts/profile/stephenfentress,['Physics and Astronomy'],,,,,,,,,,,,,
/accounts/profile/davidwhitby,['Physics and Astronomy'],,,,,,,,,,,,,
/accounts/profile/christinalee,['Physics and Astronomy'],,,,,,,,,,,,,
/accounts/profile/szymonlewicki,['Physics and Astronomy'],,,,,,,,,,,,,
/accounts/profile/jaimesodresf,['Physics and Astronomy'],,,,,,,,,,,,,
/accounts/profile/kilhor,['Physics and Astronomy'],,,,,,,,,,,,,
/accounts/profile/juliaswain,['Physics and Astronomy'],,,,,,,,,,,,,
/accounts/profile/bobmoler,['Physics and Astronomy'],,,,,,,,,,,,,
/accounts/profile/joericci,['Physics and Astronomy'],,,,,,,,,,,,,
/accounts/profile/marioaquirogaferrando,['Physics and Astronomy'],,,,,,,,,,,,,
/accounts/profile/%E5%BB%96%E5%85%8B%E5%BB%BA,['Physics and Astronomy'],,,,,,,,,,,,,
/accounts/profile/dondenesiuk,['Physics and Astronomy'],,,,,,,,,,,,,
/accounts/profile/waltermartinez,['Physics and Astronomy'],,,,,,,,,,,,,
/accounts/profile/fernandosa1,['Physics and Astronomy'],,,,,,,,,,,,,
/accounts/profile/williamthygerson,['Physics and Astronomy'],,,,,,,,,,,,,
/accounts/profile/cd,['Physics and Astronomy'],,,,,,,,,,,,,
/accounts/profile/shimonbarsini,['Physics and Astronomy'],,,,,,,,,,,,,
/accounts/profile/shawndvorak,['Physics and Astronomy'],,,,,,,,,,,,,
/accounts/profile/danielfolha,['Physics and Astronomy'],,,,,,,,,,,,,
/accounts/profile/jenniferbeach,['Physics and Astronomy'],,,,,,,,,,,,,
/accounts/profile/meapderp,['Physics and Astronomy'],,,,,,,,,,,,,
/accounts/profile/professorpiddlesnitch,['Physics and Astronomy'],,,,,,,,,,,,,
/accounts/profile/sergiocordeiro,['Physics and Astronomy'],,,,,,,,,,,,,
/accounts/profile/colleenmcallister,['Physics and Astronomy'],,,,,,,,,,,,,
/accounts/profile/davidfrankis,['Physics and Astronomy'],,,,,,,,,,,,,
/accounts/profile/trudyfraas,['Physics and Astronomy'],,,,,,,,,,,,,
/accounts/profile/plin,['Physics and Astronomy'],,,,,,,,,,,,,
/accounts/profile/danieldanciu,['Physics and Astronomy'],,,,,,,,,,,,,
/accounts/profile/maxweiner,['Physics and Astronomy'],,,,,,,,,,,,,
/accounts/profile/ed,['Physics and Astronomy'],,,,,,,,,,,,,
/accounts/profile/sergiomartinez,['Physics and Astronomy'],,,,,,,,,,,,,
/accounts/profile/jeanlucp,['Physics and Astronomy'],,,,,,,,,,,,,
/accounts/profile/philippsalzgeber,['Physics and Astronomy'],,,,,,,,,,,,,
/accounts/profile/clintonleaker,['Physics and Astronomy'],,,,,,,,,,,,,
/accounts/profile/joaoromario,['Physics and Astronomy'],,,,,,,,,,,,,
/accounts/profile/marlenasiwiak,"['Physics and Astronomy', 'Physics and Astronomy']",,,,,,,,,,,,,
/accounts/profile/philips77,['Physics and Astronomy'],,,,,,,,,,,,,
/accounts/profile/johnsmith2,['Physics and Astronomy'],,,,,,,,,,,,,
/accounts/profile/joshfreeman,['Physics and Astronomy'],,,,,,,,,,,,,
/accounts/profile/snuhfuh,['Physics and Astronomy'],,,,,,,,,,,,,
/accounts/profile/srunsamuelsdottir,['Physics and Astronomy'],,,,,,,,,,,,,
/accounts/profile/docsoman,['Physics and Astronomy'],,,,,,,,,,,,,
/accounts/profile/jamesjohnstone,['Physics and Astronomy'],,,,,,,,,,,,,
/accounts/profile/andreadudek,"['Physics and Astronomy', 'History']",,,,,,,,,,,,,
/accounts/profile/danielquinlan,['Physics and Astronomy'],,,,,,,,,,,,,
/accounts/profile/juanzapataarauco,['Physics and Astronomy'],,,,,,,,,,,,,
/accounts/profile/charlze,['Physics and Astronomy'],,,,,,,,,,,,,
/accounts/profile/jimmyszolomayer,['Physics and Astronomy'],,,,,,,,,,,,,
/accounts/profile/claudiapaetzold,['Physics and Astronomy'],,,,,,,,,,,,,
/accounts/profile/karstenkueppers,['Physics and Astronomy'],,,,,,,,,,,,,
/accounts/profile/teresafenn,['Physics and Astronomy'],,,,,,,,,,,,,
/accounts/profile/laurentiumoisii,['Physics and Astronomy'],,,,,,,,,,,,,
/accounts/profile/tshoe,['Physics and Astronomy'],,,,,,,,,,,,,
/accounts/profile/katherinedowton,['Physics and Astronomy'],,,,,,,,,,,,,
/accounts/profile/douglasmacneil,['Physics and Astronomy'],,,,,,,,,,,,,
/accounts/profile/diane.sartore,['Physics and Astronomy'],,,,,,,,,,,,,
/accounts/profile/robertdavis,"['Data Analysis', 'Physics and Astronomy', 'Probability and Statistics', 'Computer Science']",,,,,,,,,,,,,
/accounts/profile/martinlai,['Physics and Astronomy'],,,,,,,,,,,,,
/accounts/profile/blorfchumly,['Physics and Astronomy'],,,,,,,,,,,,,
/accounts/profile/marcosterweil,['Physics and Astronomy'],,,,,,,,,,,,,
/accounts/profile/nicolaesanda,['Physics and Astronomy'],,,,,,,,,,,,,
/accounts/profile/michaelhutchings,['Physics and Astronomy'],,,,,,,,,,,,,
/accounts/profile/tessalamont,['Physics and Astronomy'],,,,,,,,,,,,,
/accounts/profile/edwardbobinchak,"['Physics and Astronomy', 'Education', 'History']",,,,,,,,,,,,,
/accounts/profile/heatherhedlund,['Physics and Astronomy'],,,,,,,,,,,,,
/accounts/profile/angelapeterson,['Physics and Astronomy'],['Physics and Astronomy'],,,,,,,,,,,,
/accounts/profile/charlesking,['Physics and Astronomy'],['Physics and Astronomy'],,,,,,,,,,,,
/accounts/profile/christophedelrive,['Physics and Astronomy'],,,,,,,,,,,,,
/accounts/profile/uriabraham,['Physics and Astronomy'],,,,,,,,,,,,,
/accounts/profile/paulmeyer,['Physics and Astronomy'],,,,,,,,,,,,,
/accounts/profile/laurengonzalez1,['Physics and Astronomy'],,,,,,,,,,,,,
/accounts/profile/jorgecalderon,['Physics and Astronomy'],,,,,,,,,,,,,
/accounts/profile/janecollamer,['Physics and Astronomy'],,,,,,,,,,,,,
/accounts/profile/dboomgarden,['Physics and Astronomy'],,,,,,,,,,,,,
/accounts/profile/simonmwatts,['Physics and Astronomy'],,,,,,,,,,,,,
/accounts/profile/sara.garcia.hipolito,['Physics and Astronomy'],,,,,,,,,,,,,
/accounts/profile/peteweston,['Physics and Astronomy'],,,,,,,,,,,,,
/accounts/profile/kariu,['Physics and Astronomy'],,,,,,,,,,,,,
/accounts/profile/johnhipsky,['Physics and Astronomy'],,,,,,,,,,,,,
/accounts/profile/michellechristides,['Physics and Astronomy'],,,,,,,,,,,,,
/accounts/profile/gwheeler,['Physics and Astronomy'],,,,,,,,,,,,,
/accounts/profile/Karm,['Physics and Astronomy'],,,,,,,,,,,,,
/accounts/profile/davidwebbewood,['Physics and Astronomy'],,,,,,,,,,,,,
/accounts/profile/megannwebsternoah,['Physics and Astronomy'],,,,,,,,,,,,,
/accounts/profile/maximiliantaillandier,['Physics and Astronomy'],,,,,,,,,,,,,
/accounts/profile/oliviernicedaytoyou,['Physics and Astronomy'],,,,,,,,,,,,,
/accounts/profile/richardtaylor,"['Data Analysis', 'Data Analysis']",['Algorithms'],,,,,,,,,,,,
/accounts/profile/jeansebastiengourdet,['Machine Learning'],,,,,,,,,,,,,
/accounts/profile/ivofernandes,"['Machine Learning', 'Nutrition']",['History'],,,,,,,,,,,,
/accounts/profile/fay%C3%A7alfatihi,['Machine Learning'],,,,,,,,,,,,,
/accounts/profile/sharadlal,['Machine Learning'],,,,,,,,,,,,,
/accounts/profile/dan5,"['Machine Learning', 'Math and Logic', 'Economics & Finance', 'Music and Art', 'Software Development']","['Machine Learning', 'Data Analysis']",,,,,,,,,,,,
/accounts/profile/dukebody,"['Machine Learning', 'Mobile and Web Development']",,,,,,,,,,,,,
/accounts/profile/diegorosado,"['Machine Learning', 'Software Development']",,,,,,,,,,,,,
/accounts/profile/weien,"['Machine Learning', 'Algorithms']",,,,,,,,,,,,,
/accounts/profile/rajivabraham,['Machine Learning'],,,,,,,,,,,,,
/accounts/profile/juanlishen,['Machine Learning'],,,,,,,,,,,,,
/accounts/profile/%E8%83%A5%E5%98%89%E5%B9%B8,['Machine Learning'],,,,,,,,,,,,,
/accounts/profile/mjimueller,['Machine Learning'],,,,,,,,,,,,,
/accounts/profile/Darida,"['Data Analysis', 'Economics', 'Bioinformatics', 'Software Development']","['Machine Learning', 'Economics']",,,,,,,,,,,,
/accounts/profile/ivanvashchenko,['Software Development'],['Machine Learning'],,,,,,,,,,,,
/accounts/profile/rafaelsantos,"['Machine Learning', 'Computer Science', 'Machine Learning', 'Data Analysis & Statistics']",,,,,,,,,,,,,
/accounts/profile/viashino,['Machine Learning'],,,,,,,,,,,,,
/accounts/profile/geekage,"['Machine Learning', 'Machine Learning', 'Algorithms']",['Computer Science'],['Leadership and Management'],,,,,,,,,,,
/accounts/profile/mikitebeka,"['Machine Learning', 'Music and Art']",,,,,,,,,,,,,
/accounts/profile/karthikputhraya,['Machine Learning'],['Computer Science'],,,,,,,,,,,,
/accounts/profile/trevor,"['Machine Learning', 'Algorithms', 'Machine Learning', 'Machine Learning']",,,,,,,,,,,,,
/accounts/profile/connie,"['Machine Learning', 'Computer Science']",['Computer Science'],['Software Development'],['Software Development'],,,,,,,,,,
/accounts/profile/brijrajsinhgohil,['Machine Learning'],"['Software Development', 'Nutrition']",,,,,,,,,,,,
/accounts/profile/nikhilsarpotdar,['Machine Learning'],,,,,,,,,,,,,
/accounts/profile/PatrixCR,['Design and Product'],"['Algorithms', 'Algorithms']",,,,,,,,,,,,
/accounts/profile/keisukesakurai1,['Music and Art'],,,,,,,,,,,,,
/accounts/profile/samt,"['Music and Art', 'Medicine & Healthcare', 'Animals and Veterinary Science', 'Data Analysis', 'Medicine & Healthcare', 'Medicine & Healthcare', 'Medicine & Healthcare', 'Music and Art', 'Biology', 'Nutrition', 'Medicine & Healthcare', 'Medicine & Healthcare', 'Nutrition', 'Medicine & Healthcare', 'Governance and Society', 'Medicine & Healthcare', 'Biology', 'Business', 'Nutrition', 'Data Analysis']","['History', 'Governance and Society', 'Medicine & Healthcare']",,,,,,,,,,,,
/accounts/profile/sanjeevnaik1,['Music and Art'],,,,,,,,,,,,,
/accounts/profile/karenmcadams,['Music and Art'],,,,,,,,,,,,,
/accounts/profile/justinetajonera1,['Music and Art'],,,,,,,,,,,,,
/accounts/profile/mikecoultas,['Music and Art'],,,,,,,,,,,,,
/accounts/profile/JohnCharles,['Music and Art'],,,,,,,,,,,,,
/accounts/profile/scollins1,['Music and Art'],,,,,,,,,,,,,
/accounts/profile/ryanrapp,"['Music and Art', 'Music and Art']",,,,,,,,,,,,,
/accounts/profile/bitzou1,"['Music and Art', 'Music and Art']",,,,,,,,,,,,,
/accounts/profile/celestebudwithunter,['Music and Art'],,,,,,,,,,,,,
/accounts/profile/michaelsusko,['Music and Art'],,,,,,,,,,,,,
/accounts/profile/malenaaccomazzoscotti,['Music and Art'],,,,,,,,,,,,,
/accounts/profile/cristinaborges,['Music and Art'],,,,,,,,,,,,,
/accounts/profile/geraldine,['Music and Art'],,,,,,,,,,,,,
/accounts/profile/sarahmaitlandparks,['Music and Art'],,,,,,,,,,,,,
/accounts/profile/jacquelinejohn,['Music and Art'],,,,,,,,,,,,,
/accounts/profile/emmakenneally,['Music and Art'],,,,,,,,,,,,,
/accounts/profile/mariamilonaki,['Music and Art'],,,,,,,,,,,,,
/accounts/profile/tracywatsonbrown,['Music and Art'],,,,,,,,,,,,,
/accounts/profile/sharoningraham,['Music and Art'],,,,,,,,,,,,,
/accounts/profile/brookebrines,['Music and Art'],,,,,,,,,,,,,
/accounts/profile/saradias,['Music and Art'],,,,,,,,,,,,,
/accounts/profile/joseutter,['Music and Art'],,,,,,,,,,,,,
/accounts/profile/anthonyr,['Music and Art'],['Medicine & Healthcare'],,,,,,,,,,,,
/accounts/profile/dwjantz,['History'],,,,,,,,,,,,,
/accounts/profile/catherinegirard,['History'],,,,,,,,,,,,,
/accounts/profile/khadijaniazi,['Math and Logic'],,,,,,,,,,,,,
/accounts/profile/davidtowles,['Math and Logic'],,,,,,,,,,,,,
/accounts/profile/margiechristensen,['Math and Logic'],,,,,,,,,,,,,
/accounts/profile/amywilson,['Entrepreneurship'],['Bioinformatics'],['Math and Logic'],,,,,,,,,,,
/accounts/profile/lindsaydunseith,['Math and Logic'],,,,,,,,,,,,,
/accounts/profile/jimhumelsine,"['Math and Logic', 'Computer Security and Networks']","['Computer Science', 'Software Development']","['Algorithms', 'History']",['Algorithms'],,,,,,,,,,
/accounts/profile/karencarlson,['Math and Logic'],,,,,,,,,,,,,
/accounts/profile/annasarahkramerfazendeiro,['Math and Logic'],,,,,,,,,,,,,
/accounts/profile/stephanie2,['Math and Logic'],,,,,,,,,,,,,
/accounts/profile/ajtp,"['Math and Logic', 'Economics', 'Computer Science']",,,,,,,,,,,,,
/accounts/profile/deicidereigns,['Biology'],,,,,,,,,,,,,
/accounts/profile/colinjack,"['Algorithms', 'Software Development']",,,,,,,,,,,,,
/accounts/profile/timon,['Physics and Astronomy'],,,,,,,,,,,,,
/accounts/profile/daisykho,"['Physics and Astronomy', 'Medicine & Healthcare']",,,,,,,,,,,,,
/accounts/profile/ahmadalbaqsami,['Electrical Engineering'],,,,,,,,,,,,,
/accounts/profile/kumariyer,['Probability and Statistics'],,,,,,,,,,,,,
/accounts/profile/alexparij,['Probability and Statistics'],,,,,,,,,,,,,
/accounts/profile/jessicasusser,['Personal Development'],['Probability and Statistics'],,,,,,,,,,,,
/accounts/profile/deanwang1,['Probability and Statistics'],,,,,,,,,,,,,
/accounts/profile/bart,['Math and Logic'],"['Psychology', 'Personal Development']",['Data Analysis'],,,,,,,,,,,
/accounts/profile/ahmedissawi,['Probability and Statistics'],,,,,,,,,,,,,
/accounts/profile/nigelpotter,['Music and Art'],,,,,,,,,,,,,
/accounts/profile/aventoza,['Music and Art'],,,,,,,,,,,,,
/accounts/profile/martamussi,['Music and Art'],,,,,,,,,,,,,
/accounts/profile/stevenhargraves1,['Music and Art'],,,,,,,,,,,,,
/accounts/profile/awessendorf,['Music and Art'],,,,,,,,,,,,,
/accounts/profile/mikestanford,['Music and Art'],,,,,,,,,,,,,
/accounts/profile/andrewfeltham,"['Music and Art', 'Music and Art']",,,,,,,,,,,,,
/accounts/profile/terrybuckingham,['Music and Art'],,,,,,,,,,,,,
/accounts/profile/clairebrantley,['Music and Art'],,,,,,,,,,,,,
/accounts/profile/manoliakalfaki,['Music and Art'],,,,,,,,,,,,,
/accounts/profile/noaseger,['Music and Art'],,,,,,,,,,,,,
/accounts/profile/momcilavelickovic,['Music and Art'],,,,,,,,,,,,,
/accounts/profile/ariostomontisano,['Music and Art'],,,,,,,,,,,,,
/accounts/profile/ciarajohnson,['Music and Art'],,,,,,,,,,,,,
/accounts/profile/sdrcrm,['Music and Art'],,,,,,,,,,,,,
/accounts/profile/garyhicks1,['Music and Art'],,,,,,,,,,,,,
/accounts/profile/juliacook,"['Music and Art', 'Music and Art', 'Philosophy']",,,,,,,,,,,,,
/accounts/profile/letraspacelinda,['Music and Art'],,,,,,,,,,,,,
/accounts/profile/danielamarino,['Music and Art'],,,,,,,,,,,,,
/accounts/profile/cristridello,['Music and Art'],,,,,,,,,,,,,
/accounts/profile/maburton,['Music and Art'],,,,,,,,,,,,,
/accounts/profile/robertnewell,['Music and Art'],,,,,,,,,,,,,
/accounts/profile/shelbycooper,['Music and Art'],,,,,,,,,,,,,
/accounts/profile/mariogalvanduque,['Music and Art'],,,,,,,,,,,,,
/accounts/profile/kellymanning,['Music and Art'],,,,,,,,,,,,,
/accounts/profile/ilzebrand,['Music and Art'],,,,,,,,,,,,,
/accounts/profile/joemusich,['Music and Art'],,,,,,,,,,,,,
/accounts/profile/joannaaldred,['Music and Art'],,,,,,,,,,,,,
/accounts/profile/bradclark,['Music and Art'],,,,,,,,,,,,,
/accounts/profile/andrewsutton,['Music and Art'],,,,,,,,,,,,,
/accounts/profile/kevinsclarke,['Music and Art'],,,,,,,,,,,,,
/accounts/profile/yifanzhu,['Music and Art'],,,,,,,,,,,,,
/accounts/profile/podgle,['Music and Art'],,,,,,,,,,,,,
/accounts/profile/william,['Music and Art'],,,,,,,,,,,,,
/accounts/profile/nicholasbeaton,['Music and Art'],,,,,,,,,,,,,
/accounts/profile/herbweiner,['Music and Art'],,,,,,,,,,,,,
/accounts/profile/jordijane,['Music and Art'],,,,,,,,,,,,,
/accounts/profile/richardtorson,['Music and Art'],,,,,,,,,,,,,
/accounts/profile/ximenadearino,"['Music and Art', 'Music and Art']",,,,,,,,,,,,,
/accounts/profile/ilya2,['Music and Art'],,,,,,,,,,,,,
/accounts/profile/jalaprendes,['Music and Art'],,,,,,,,,,,,,
/accounts/profile/lindaschuck,['Music and Art'],,,,,,,,,,,,,
/accounts/profile/andrew3,['Music and Art'],,,,,,,,,,,,,
/accounts/profile/twhayden,['Music and Art'],,,,,,,,,,,,,
/accounts/profile/philippekernevez,['Algorithms'],,,,,,,,,,,,,
/accounts/profile/jacalata,['Software Development'],['Algorithms'],,,,,,,,,,,,
/accounts/profile/andreyberezhinsky,['Algorithms'],,,,,,,,,,,,,
/accounts/profile/celiacropper,['Biology'],,,,,,,,,,,,,
/accounts/profile/raphaelmaier,['Biology'],,,,,,,,,,,,,
/accounts/profile/strizh,['Biology'],,,,,,,,,,,,,
/accounts/profile/marcpradas,['Biology'],,,,,,,,,,,,,
/accounts/profile/pauldavis,['Biology'],,,,,,,,,,,,,
/accounts/profile/sherrishe,['Biology'],"['History', 'Psychology']",,,,,,,,,,,,
/accounts/profile/hemanthkumar,['Biology'],,,,,,,,,,,,,
/accounts/profile/ellendejournett,['History'],,,,,,,,,,,,,
/accounts/profile/Zeljka_T,"['History', 'Music and Art']",['Personal Development'],,,,,,,,,,,,
/accounts/profile/ineseokonova,['Psychology'],,,,,,,,,,,,,
/accounts/profile/janhellden,['History'],,,,,,,,,,,,,
/accounts/profile/adam3,['History'],,,,,,,,,,,,,
/accounts/profile/sarah,['History'],,,,,,,,,,,,,
/accounts/profile/jackie,['History'],,,,,,,,,,,,,
/accounts/profile/camiledionnewest,"['History', 'Medicine & Healthcare', 'Education', 'Governance and Society', 'Math and Logic']",,,,,,,,,,,,,
/accounts/profile/christopher000,"['History', 'Education', 'Law']",,,,,,,,,,,,,
/accounts/profile/mariannecardwell,['History'],,,,,,,,,,,,,
/accounts/profile/mbwanasamatta,['Software Development'],"['Medicine & Healthcare', 'Data Analysis']",,,,,,,,,,,,
/accounts/profile/samanthapoynter,['Software Development'],,,,,,,,,,,,,
/accounts/profile/luizbranco,['Software Development'],,,,,,,,,,,,,
/accounts/profile/evgeniyismailov,['Software Development'],,,,,,,,,,,,,
/accounts/profile/vargapeter,['Software Development'],,,,,,,,,,,,,
/accounts/profile/kiffingish,['Software Development'],,,,,,,,,,,,,
/accounts/profile/sesm,['Algorithms'],['Software Development'],,,,,,,,,,,,
/accounts/profile/philarete,['Computer Science'],,,,,,,,,,,,,
/accounts/profile/kaushalyamadhawa,"['Machine Learning', 'Software Development']",,,,,,,,,,,,,
/accounts/profile/ernestodurante,['Computer Science'],,,,,,,,,,,,,
/accounts/profile/romagluskin,"['Computer Science', 'Mobile and Web Development']",,,,,,,,,,,,,
/accounts/profile/branko,"['Computer Science', 'Algorithms']",,,,,,,,,,,,,
/accounts/profile/hugorothuizen,['Computer Science'],,,,,,,,,,,,,
/accounts/profile/mauriziospadari,['Computer Science'],,,,,,,,,,,,,
/accounts/profile/davidsiegel,"['Computer Science', 'Bioinformatics']",,,,,,,,,,,,,
/accounts/profile/saravananthirumuruganathan,['Computer Science'],,,,,,,,,,,,,
/accounts/profile/danurban1,['Computer Science'],,,,,,,,,,,,,
/accounts/profile/ritobratobhattacharyya1,['Computer Science'],,,,,,,,,,,,,
/accounts/profile/sameergauria,['Computer Science'],,,,,,,,,,,,,
/accounts/profile/rradhak,['Computer Science'],,,,,,,,,,,,,
/accounts/profile/gprfix,['Computer Science'],,,,,,,,,,,,,
/accounts/profile/flaviodearruda,"['Computer Science', 'Computer Science']",,,,,,,,,,,,,
/accounts/profile/bakhyt,['Computer Science'],,,,,,,,,,,,,
/accounts/profile/estebancollado,['Computer Science'],,,,,,,,,,,,,
/accounts/profile/ritupande,['Computer Science'],,,,,,,,,,,,,
/accounts/profile/alinsoare,['Computer Science'],['Algorithms'],,,,,,,,,,,,
/accounts/profile/martincleary,"['Software Development', 'Entrepreneurship']",,,,,,,,,,,,,
/accounts/profile/jameschu,['Software Development'],,,,,,,,,,,,,
/accounts/profile/davialves,['Software Development'],,,,,,,,,,,,,
/accounts/profile/silviecinkova,['Software Development'],,,,,,,,,,,,,
/accounts/profile/johnhopkins,['Software Development'],,,,,,,,,,,,,
/accounts/profile/dmitrybelyaev,['Software Development'],,,,,,,,,,,,,
/accounts/profile/akshay1,['Software Development'],,,,,,,,,,,,,
/accounts/profile/mukundan,['Software Development'],,,,,,,,,,,,,
/accounts/profile/patrickcurley,['Software Development'],,,,,,,,,,,,,
/accounts/profile/laura2,['Software Development'],,,,,,,,,,,,,
/accounts/profile/nicholaspun,['Software Development'],,,,,,,,,,,,,
/accounts/profile/ismailelezi,['Software Development'],,,,,,,,,,,,,
/accounts/profile/gtaank,['Software Development'],,,,,,,,,,,,,
/accounts/profile/stevenbrock,['Software Development'],,,,,,,,,,,,,
/accounts/profile/patrickgarfjeldroberts,['Software Development'],,,,,,,,,,,,,
/accounts/profile/sebastiancruz,['Software Development'],,,,,,,,,,,,,
/accounts/profile/katarzynagajewska1,['Software Development'],,,,,,,,,,,,,
/accounts/profile/zackmorris,['Software Development'],,,,,,,,,,,,,
/accounts/profile/shreyashukidave1,['Software Development'],,,,,,,,,,,,,
/accounts/profile/dhinesh,['Software Development'],,,,,,,,,,,,,
/accounts/profile/hchaase,['Software Development'],,,,,,,,,,,,,
/accounts/profile/jasonabela,['Software Development'],,,,,,,,,,,,,
/accounts/profile/matteo,['Software Development'],,,,,,,,,,,,,
/accounts/profile/rocio,['Software Development'],,,,,,,,,,,,,
/accounts/profile/joanngiorshev,['Software Development'],,,,,,,,,,,,,
/accounts/profile/amrutamhaske,['Software Development'],,,,,,,,,,,,,
/accounts/profile/christian1,['Software Development'],,,,,,,,,,,,,
/accounts/profile/rvisharma,['Software Development'],,,,,,,,,,,,,
/accounts/profile/amritanshu,['Software Development'],,,,,,,,,,,,,
/accounts/profile/charles,['Software Development'],,,,,,,,,,,,,
/accounts/profile/ashleyhardin,['Software Development'],,,,,,,,,,,,,
/accounts/profile/Linda,['Software Development'],,,,,,,,,,,,,
/accounts/profile/patriciamedina,['Software Development'],,,,,,,,,,,,,
/accounts/profile/apeter,['Software Development'],,,,,,,,,,,,,
/accounts/profile/toddkimmelman,['Software Development'],,,,,,,,,,,,,
/accounts/profile/seanrattigan,['Software Development'],,,,,,,,,,,,,
/accounts/profile/max1,['Software Development'],,,,,,,,,,,,,
/accounts/profile/bruno1,['Software Development'],,,,,,,,,,,,,
/accounts/profile/mercer,['Software Development'],,,,,,,,,,,,,
/accounts/profile/paulgallardo,['Software Development'],,,,,,,,,,,,,
/accounts/profile/nunoantunes,['Software Development'],,,,,,,,,,,,,
/accounts/profile/rhondacluck,['Software Development'],,,,,,,,,,,,,
/accounts/profile/nianlin,['Software Development'],,,,,,,,,,,,,
/accounts/profile/shady,['Electrical Engineering'],['Software Development'],,,,,,,,,,,,
/accounts/profile/michaeliger,['Software Development'],,,,,,,,,,,,,
/accounts/profile/ahwai,['Software Development'],,,,,,,,,,,,,
/accounts/profile/abdulali,['Software Development'],,,,,,,,,,,,,
/accounts/profile/freymuthsommer,['Software Development'],,,,,,,,,,,,,
/accounts/profile/ksenia1,['Software Development'],,,,,,,,,,,,,
/accounts/profile/zeevshilor,['Software Development'],,,,,,,,,,,,,
/accounts/profile/yejoopark,"['Software Development', 'Entrepreneurship']",,,,,,,,,,,,,
/accounts/profile/alicedor,['Software Development'],,,,,,,,,,,,,
/accounts/profile/saad,['Economics'],,,,,,,,,,,,,
/accounts/profile/ajaikumarsrivastava,['Data Analysis'],['Economics'],,,,,,,,,,,,
/accounts/profile/mariadoloresrodriguezferrer,['Economics'],,,,,,,,,,,,,
/accounts/profile/nancywalsh,['Economics'],['Economics'],,,,,,,,,,,,
/accounts/profile/Colffield,['Social Sciences'],,,,,,,,,,,,,
/accounts/profile/felipegonzalez,['Math and Logic'],,,,,,,,,,,,,
/accounts/profile/KunalGandre,['Entrepreneurship'],,,,,,,,,,,,,
/accounts/profile/amandaruzin1,['Entrepreneurship'],,,,,,,,,,,,,
/accounts/profile/shannonduvall1,['Entrepreneurship'],,,,,,,,,,,,,
/accounts/profile/paulhebron,['Entrepreneurship'],,,,,,,,,,,,,
/accounts/profile/irinaartuwina,['Entrepreneurship'],,,,,,,,,,,,,
/accounts/profile/ss1,['Entrepreneurship'],,,,,,,,,,,,,
/accounts/profile/gwendolynrich,['Entrepreneurship'],,,,,,,,,,,,,
/accounts/profile/balaji,['Entrepreneurship'],,,,,,,,,,,,,
/accounts/profile/mitabrahma1,['Entrepreneurship'],,,,,,,,,,,,,
/accounts/profile/jobenilagan,['Entrepreneurship'],,,,,,,,,,,,,
/accounts/profile/coralinabastidas,['Entrepreneurship'],,,,,,,,,,,,,
/accounts/profile/kj,"['Medicine & Healthcare', 'Nutrition', 'Data Analysis']",,,,,,,,,,,,,
/accounts/profile/helgamariasaboiabezerra,['Governance and Society'],['History'],,,,,,,,,,,,
/accounts/profile/rebecca,['Animals and Veterinary Science'],,,,,,,,,,,,,
/accounts/profile/tian,['Software Development'],,,,,,,,,,,,,
/accounts/profile/johang,['Software Development'],,,,,,,,,,,,,
/accounts/profile/andrearendl,['Algorithms'],,,,,,,,,,,,,
/accounts/profile/terokeskivalkama,['Algorithms'],,,,,,,,,,,,,
/accounts/profile/richardking,['Algorithms'],,,,,,,,,,,,,
/accounts/profile/juliesims,['Algorithms'],,,,,,,,,,,,,
/accounts/profile/barisevrimdemiroz,['Algorithms'],,,,,,,,,,,,,
/accounts/profile/renejansen,['Algorithms'],,,,,,,,,,,,,
/accounts/profile/douglasnakajima,['Algorithms'],,,,,,,,,,,,,
/accounts/profile/21,['Algorithms'],,,,,,,,,,,,,
/accounts/profile/lagouye,"['Algorithms', 'Software Development']",,,,,,,,,,,,,
/accounts/profile/cosminboaca,['Algorithms'],,,,,,,,,,,,,
/accounts/profile/williemclean,['Algorithms'],,,,,,,,,,,,,
/accounts/profile/peterwilliams,['Algorithms'],,,,,,,,,,,,,
/accounts/profile/morgancurly,['Algorithms'],,,,,,,,,,,,,
/accounts/profile/piotrsrodka,['Algorithms'],,,,,,,,,,,,,
/accounts/profile/agustinmontero,['Algorithms'],,,,,,,,,,,,,
/accounts/profile/chrisbrett,['Algorithms'],,,,,,,,,,,,,
/accounts/profile/nilskoesters,['Algorithms'],,,,,,,,,,,,,
/accounts/profile/burlyverlee,['Algorithms'],,,,,,,,,,,,,
/accounts/profile/carolinash,"['Medicine & Healthcare', 'Probability and Statistics']",['Biology'],['Biology'],,,,,,,,,,,
/accounts/profile/traceytomashpol,['History'],['Music and Art'],,,,,,,,,,,,
/accounts/profile/ashrujitbhattacharjee,['Music and Art'],,,,,,,,,,,,,
/accounts/profile/robynnussbaum,['Music and Art'],,,,,,,,,,,,,
/accounts/profile/tracypoff,['Music and Art'],,,,,,,,,,,,,
/accounts/profile/dagush,['Data Analysis'],,,,,,,,,,,,,
/accounts/profile/gerryevans,['Data Analysis'],,,,,,,,,,,,,
/accounts/profile/erink,"['Data Analysis', 'Data Analysis']",,,,,,,,,,,,,
/accounts/profile/huongnguyen,['Data Analysis'],,,,,,,,,,,,,
/accounts/profile/kaloyantsvetkov,['Data Analysis'],,,,,,,,,,,,,
/accounts/profile/dawitteklemichael,['Data Analysis'],,,,,,,,,,,,,
/accounts/profile/alessandralopes1,['Data Analysis'],,,,,,,,,,,,,
/accounts/profile/evalyon,['Data Analysis'],,,,,,,,,,,,,
/accounts/profile/alanfitzgerald,['Data Analysis'],,,,,,,,,,,,,
/accounts/profile/sandeshkale,['Data Analysis'],,,,,,,,,,,,,
/accounts/profile/christianreinboth,['Data Analysis'],"['Governance and Society', 'Medicine & Healthcare', 'Medicine & Healthcare']",,,,,,,,,,,,
/accounts/profile/lisafletcher,"['Data Analysis', 'Education']",,,,,,,,,,,,,
/accounts/profile/pamcherry,['Data Analysis'],,,,,,,,,,,,,
/accounts/profile/aes,['Data Analysis'],,,,,,,,,,,,,
/accounts/profile/larrythomas,['Data Analysis'],,,,,,,,,,,,,
/accounts/profile/silvinamoscato,['Data Analysis'],,,,,,,,,,,,,
/accounts/profile/brucecgumbert,['Data Analysis'],,,,,,,,,,,,,
/accounts/profile/oraziopanciroli,['Data Analysis'],,,,,,,,,,,,,
/accounts/profile/josephflood,['Data Analysis'],,,,,,,,,,,,,
/accounts/profile/crisarquitectonica,['Data Analysis'],,,,,,,,,,,,,
/accounts/profile/alessandrofanna,['Data Analysis'],,,,,,,,,,,,,
/accounts/profile/karldonert,['Data Analysis'],,,,,,,,,,,,,
/accounts/profile/danielroos,['Data Analysis'],,,,,,,,,,,,,
/accounts/profile/mudassarkhokhar,['Data Analysis'],,,,,,,,,,,,,
/accounts/profile/anujbhattachan,['Data Analysis'],['Medicine & Healthcare'],,,,,,,,,,,,
/accounts/profile/paolalogli1,['Data Analysis'],,,,,,,,,,,,,
/accounts/profile/daniel,['Data Analysis'],,,,,,,,,,,,,
/accounts/profile/daniellaghersi,['Data Analysis'],,,,,,,,,,,,,
/accounts/profile/pamelagarbini,['Data Analysis'],,,,,,,,,,,,,
/accounts/profile/dariofuletti,['Data Analysis'],,,,,,,,,,,,,
/accounts/profile/sharmaneb,['Data Analysis'],,,,,,,,,,,,,
/accounts/profile/godswillokorie1,['Data Analysis'],,,,,,,,,,,,,
/accounts/profile/tomorsi,['Data Analysis'],,,,,,,,,,,,,
/accounts/profile/chihchengyuan1,"['Data Analysis', 'Data Analysis']",,,,,,,,,,,,,
/accounts/profile/anthonyofarrell,['Data Analysis'],,,,,,,,,,,,,
/accounts/profile/nelsonsilva,['Data Analysis'],,,,,,,,,,,,,
/accounts/profile/nicholasmaunders,['Data Analysis'],,,,,,,,,,,,,
/accounts/profile/ebaggiovieira,['Data Analysis'],,,,,,,,,,,,,
/accounts/profile/akinwaleakinola,['Data Analysis'],,,,,,,,,,,,,
/accounts/profile/linwells,['Data Analysis'],,,,,,,,,,,,,
/accounts/profile/alisonmorgan,['Data Analysis'],,,,,,,,,,,,,
/accounts/profile/sumanbasyal,['Data Analysis'],,,,,,,,,,,,,
/accounts/profile/purplelorikeet,"['Data Analysis', 'Biology']",,,,,,,,,,,,,
/accounts/profile/petervos1,"['Data Analysis', 'Economics']",,,,,,,,,,,,,
/accounts/profile/vincentoleary,['Data Analysis'],,,,,,,,,,,,,
/accounts/profile/andrewszymier,['Data Analysis'],,,,,,,,,,,,,
/accounts/profile/maryrdeloache,['Data Analysis'],,,,,,,,,,,,,
/accounts/profile/sandra1,['Data Analysis'],['Music and Art'],,,,,,,,,,,,
/accounts/profile/justink,['Data Analysis'],,,,,,,,,,,,,
/accounts/profile/fernandogil,['Data Analysis'],,,,,,,,,,,,,
/accounts/profile/mattiasfahlin,['Data Analysis'],,,,,,,,,,,,,
/accounts/profile/claudebarnes,['Data Analysis'],,,,,,,,,,,,,
/accounts/profile/swetashukla,['Data Analysis'],,,,,,,,,,,,,
/accounts/profile/vmartinson,['Data Analysis'],,,,,,,,,,,,,
/accounts/profile/patpinnegar,['Data Analysis'],,,,,,,,,,,,,
/accounts/profile/josetura,['Data Analysis'],,,,,,,,,,,,,
/accounts/profile/johans,['Data Analysis'],,,,,,,,,,,,,
/accounts/profile/azizrahman,['Data Analysis'],,,,,,,,,,,,,
/accounts/profile/luisfelipezapata,['Data Analysis'],,,,,,,,,,,,,
/accounts/profile/shibumonalampatta,['Data Analysis'],,,,,,,,,,,,,
/accounts/profile/pankajgoel,['Data Analysis'],,,,,,,,,,,,,
/accounts/profile/cristinametgher,['Data Analysis'],,,,,,,,,,,,,
/accounts/profile/wkinder,['Data Analysis'],,,,,,,,,,,,,
/accounts/profile/johndiener,['Data Analysis'],,,,,,,,,,,,,
/accounts/profile/sadieberger,['Data Analysis'],,,,,,,,,,,,,
/accounts/profile/paulavcastaneda,['Data Analysis'],,,,,,,,,,,,,
/accounts/profile/bhuvanchandra,['Data Analysis'],,,,,,,,,,,,,
/accounts/profile/lynnaschaefer,['Data Analysis'],,,,,,,,,,,,,
/accounts/profile/marcello,['Data Analysis'],,,,,,,,,,,,,
/accounts/profile/dexterjanpastranayecla,['Data Analysis'],,,,,,,,,,,,,
/accounts/profile/caravaka,['Medicine & Healthcare'],,,,,,,,,,,,,
/accounts/profile/davewellstood,"['Medicine & Healthcare', 'Biology']",,,,,,,,,,,,,
/accounts/profile/hawrakhlitit,['Medicine & Healthcare'],,,,,,,,,,,,,
/accounts/profile/nathansmith,['Medicine & Healthcare'],,,,,,,,,,,,,
/accounts/profile/bobkozman,['Medicine & Healthcare'],,,,,,,,,,,,,
/accounts/profile/esther,"['Medicine & Healthcare', 'Medicine & Healthcare', 'Biology', 'Psychology', 'Medicine & Healthcare']",,,,,,,,,,,,,
/accounts/profile/bartbvanbockstaele,['Medicine & Healthcare'],,,,,,,,,,,,,
/accounts/profile/AmitJainc9906fb853264165,['Environmental Science and Sustainability'],,,,,,,,,,,,,
/accounts/profile/alastairbelson,['Environmental Science and Sustainability'],,,,,,,,,,,,,
/accounts/profile/davidaltamiranoscorza,['Environmental Science and Sustainability'],,,,,,,,,,,,,
/accounts/profile/lizadams,['Environmental Science and Sustainability'],,,,,,,,,,,,,
/accounts/profile/phanindraprasad,['Environmental Science and Sustainability'],,,,,,,,,,,,,
/accounts/profile/monikaadamczyk,['Environmental Science and Sustainability'],,,,,,,,,,,,,
/accounts/profile/juzerali,['Algorithms'],,,,,,,,,,,,,
/accounts/profile/dzmitrypaulenka,['Algorithms'],,,,,,,,,,,,,
/accounts/profile/grace,"['Music and Art', 'Music and Art', 'Data Analysis & Statistics', 'Math and Logic']",,,,,,,,,,,,,
/accounts/profile/natalya,['Music and Art'],,,,,,,,,,,,,
/accounts/profile/brion,['Physics'],,,,,,,,,,,,,
/accounts/profile/nigelvisser,['Physics'],,,,,,,,,,,,,
/accounts/profile/omeregekara,['Math and Logic'],,,,,,,,,,,,,
/accounts/profile/pnied,['Math and Logic'],,,,,,,,,,,,,
/accounts/profile/karensweeney,['Math and Logic'],,,,,,,,,,,,,
/accounts/profile/lucimayo,"['Music and Art', 'Film']",,,,,,,,,,,,,
/accounts/profile/mattpierce,"['Education', 'Nutrition']",,,,,,,,,,,,,
/accounts/profile/cmanydeeds,['Physics and Astronomy'],,,,,,,,,,,,,
/accounts/profile/martha,['Physics and Astronomy'],,,,,,,,,,,,,
/accounts/profile/andrea,"['Physics and Astronomy', 'Math and Logic', 'Medicine & Healthcare']",,,,,,,,,,,,,
/accounts/profile/nml,"['Software Development', 'Physics and Astronomy']",,,,,,,,,,,,,
/accounts/profile/asaf,['Biology'],,,,,,,,,,,,,
/accounts/profile/marcelosoares1,"['Data Analysis', 'Data Analysis', 'Leadership and Management']",,,,,,,,,,,,,
/accounts/profile/leechia,['History'],['Bioinformatics'],['Environmental Science and Sustainability'],,,,,,,,,,,
/accounts/profile/larrymason,['Governance and Society'],,,,,,,,,,,,,
/accounts/profile/xavierleynaud1,"['Finance', 'Governance and Society']",,,,,,,,,,,,,
/accounts/profile/miguelarmentia,['Medicine & Healthcare'],,,,,,,,,,,,,
/accounts/profile/username,"['Machine Learning', 'Software Development', 'Computer Science']",,,,,,,,,,,,,
/accounts/profile/mariogomezmartinez,"['Machine Learning', 'Mobile and Web Development']",,,,,,,,,,,,,
/accounts/profile/jonasbarnett,['Machine Learning'],,,,,,,,,,,,,
/accounts/profile/alfonso,['Economics'],['Machine Learning'],,,,,,,,,,,,
/accounts/profile/andreabarraza,['Machine Learning'],,,,,,,,,,,,,
/accounts/profile/vp,"['Electrical Engineering', 'Electrical Engineering']",,,,,,,,,,,,,
/accounts/profile/bobgallenberger,['Electrical Engineering'],,,,,,,,,,,,,
/accounts/profile/pascallabbe,['Software Development'],"['Data Analysis', 'Data Analysis']",,,,,,,,,,,,
/accounts/profile/enricobacis,['Software Development'],,,,,,,,,,,,,
/accounts/profile/jurgenvangael,"['Software Development', 'Software Development']",,,,,,,,,,,,,
/accounts/profile/kostiantynlukianets,['Software Development'],,,,,,,,,,,,,
/accounts/profile/ahtishamulhaq,['Computer Security and Networks'],,,,,,,,,,,,,
/accounts/profile/nickbrook,['Computer Security and Networks'],,,,,,,,,,,,,
/accounts/profile/fabiog,['Computer Security and Networks'],,,,,,,,,,,,,
/accounts/profile/lalehs,['Computer Security and Networks'],,,,,,,,,,,,,
/accounts/profile/louisclaudecanon,"['Education', 'Personal Development', 'Education']",['Clinical Science'],,,,,,,,,,,,
/accounts/profile/bhaumik,['Algorithms'],,,,,,,,,,,,,
/accounts/profile/lydiab,['Nutrition'],['Economics'],,,,,,,,,,,,
/accounts/profile/adenaschutzberg,['Nutrition'],,,,,,,,,,,,,
/accounts/profile/stef,['Biology'],,,,,,,,,,,,,
/accounts/profile/medoka,['Psychology'],,,,,,,,,,,,,
/accounts/profile/victorpillac,['Psychology'],,,,,,,,,,,,,
/accounts/profile/marwebe,"['Psychology', 'Psychology', 'Physics and Astronomy']",,,,,,,,,,,,,
/accounts/profile/min,['Psychology'],,,,,,,,,,,,,
/accounts/profile/mikewoodruff,['Medicine & Healthcare'],,,,,,,,,,,,,
/accounts/profile/juliannicolasacosta,['Medicine & Healthcare'],,,,,,,,,,,,,
/accounts/profile/edwardhirsch1,['Medicine & Healthcare'],,,,,,,,,,,,,
/accounts/profile/robertgonzalez,"['Physics and Astronomy', 'Economics', 'Learning English']",,,,,,,,,,,,,
/accounts/profile/firstlast,['Physics and Astronomy'],,,,,,,,,,,,,
/accounts/profile/andreynikitin1,['Physics and Astronomy'],,,,,,,,,,,,,
/accounts/profile/arturourios,['Leadership and Management'],,,,,,,,,,,,,
/accounts/profile/agataszj,['Leadership and Management'],,,,,,,,,,,,,
/accounts/profile/sergeyantamanov,['Leadership and Management'],,,,,,,,,,,,,
/accounts/profile/juahan,['Economics'],,,,,,,,,,,,,
/accounts/profile/dayparker,"['Economics', 'Environmental Science and Sustainability']",,,,,,,,,,,,,
/accounts/profile/marjiebowker,"['Nutrition', 'Psychology']",,,,,,,,,,,,,
/accounts/profile/anirudh,['Business'],,,,,,,,,,,,,
/accounts/profile/jorgeferreira,['Psychology'],,,,,,,,,,,,,
/accounts/profile/tomrogers,['Psychology'],,,,,,,,,,,,,
/accounts/profile/jennifer,['Psychology'],,,,,,,,,,,,,
/accounts/profile/trishhanlymangnall1,['Economics'],,,,,,,,,,,,,
/accounts/profile/makoto,['Music and Art'],,,,,,,,,,,,,
/accounts/profile/carole1,['Computer Science'],,,,,,,,,,,,,
/accounts/profile/danataylor,"['Psychology', 'Psychology']",,,,,,,,,,,,,
/accounts/profile/njalandersen,"['Psychology', 'Economics']",,,,,,,,,,,,,
/accounts/profile/bmohankumar,"['Psychology', 'Business Strategy']",,,,,,,,,,,,,
/accounts/profile/lenkasnajdrova,['Psychology'],,,,,,,,,,,,,
/accounts/profile/rajasrinivasan,['Electrical Engineering'],,,,,,,,,,,,,
/accounts/profile/lsla,['Psychology'],['History'],,,,,,,,,,,,
/accounts/profile/juliabrauer,['Computer Science'],,,,,,,,,,,,,
/accounts/profile/shrutitiwari,['Algorithms'],,,,,,,,,,,,,
/accounts/profile/agarwal.shubham166,['Algorithms'],,,,,,,,,,,,,
/accounts/profile/dmitriyborisenkov1,['Software Development'],['Algorithms'],,,,,,,,,,,,
/accounts/profile/debramiller,['History'],,,,,,,,,,,,,
/accounts/profile/wishbonecollector,['Bioinformatics'],,,,,,,,,,,,,
/accounts/profile/eclspatial1,['Biology'],,,,,,,,,,,,,
/accounts/profile/daviddionys,['Biology'],,,,,,,,,,,,,
/accounts/profile/gargisharma,['Law'],,,,,,,,,,,,,
/accounts/profile/michaelgeorge,['Math and Logic'],['Electrical Engineering'],,,,,,,,,,,,
/accounts/profile/emanuelevans,['Computer Science'],,,,,,,,,,,,,
/accounts/profile/john4,['Computer Science'],,,,,,,,,,,,,
/accounts/profile/ayush,['Computer Science'],,,,,,,,,,,,,
/accounts/profile/elena1,['Economics'],,,,,,,,,,,,,
/accounts/profile/jaimeealvarez,['Entrepreneurship'],,,,,,,,,,,,,
/accounts/profile/kb,['Music and Art'],,,,,,,,,,,,,
/accounts/profile/annette,['Software Development'],,,,,,,,,,,,,
/accounts/profile/dezoszabo,['Software Development'],,,,,,,,,,,,,
/accounts/profile/fraydaglass,['Personal Development'],,,,,,,,,,,,,
/accounts/profile/antonvynogradenko,['Personal Development'],,,,,,,,,,,,,
/accounts/profile/satyajitmalugu,['Personal Development'],,,,,,,,,,,,,
/accounts/profile/cosminlehene,['Probability and Statistics'],,,,,,,,,,,,,
/accounts/profile/sefakilic,['Probability and Statistics'],,,,,,,,,,,,,
/accounts/profile/jimhopper,['Math and Logic'],,,,,,,,,,,,,
/accounts/profile/charlesmccall,['Math and Logic'],,,,,,,,,,,,,
/accounts/profile/raysutton,['Environmental Science and Sustainability'],,,,,,,,,,,,,
/accounts/profile/jenniferhawthorne,['Psychology'],,,,,,,,,,,,,
/accounts/profile/michelle32720,['Psychology'],,,,,,,,,,,,,
/accounts/profile/radoslavdemirov,['Psychology'],,,,,,,,,,,,,
/accounts/profile/martinkurani,['Psychology'],,,,,,,,,,,,,
/accounts/profile/juliebarrio,['Psychology'],,,,,,,,,,,,,
/accounts/profile/sharathcoorg,['Psychology'],,,,,,,,,,,,,
/accounts/profile/norm,['Electrical Engineering'],,,,,,,,,,,,,
/accounts/profile/mathieuplourde,['Education'],,,,,,,,,,,,,
/accounts/profile/gabbymoore,['Biology'],,,,,,,,,,,,,
/accounts/profile/guymunte,['Medicine & Healthcare'],,,,,,,,,,,,,
/accounts/profile/jledoux,"['Software Development', 'Design and Product']",,,,,,,,,,,,,
/accounts/profile/adrianvan,['Software Development'],,,,,,,,,,,,,
/accounts/profile/bertchang,['Machine Learning'],,,,,,,,,,,,,
/accounts/profile/erickhernandez,['Economics & Finance'],,,,,,,,,,,,,
/accounts/profile/davidkeck,['Economics & Finance'],,,,,,,,,,,,,
/accounts/profile/anon456,['Mechanical Engineering'],,,,,,,,,,,,,
/accounts/profile/ME.PARADOX,['Data Analysis & Statistics'],,,,,,,,,,,,,
/accounts/profile/saurav,['Mobile and Web Development'],,,,,,,,,,,,,
/accounts/profile/dharmeshkishore1,['Mobile and Web Development'],,,,,,,,,,,,,
/accounts/profile/tiagotaveiragomes1,['Mobile and Web Development'],,,,,,,,,,,,,
/accounts/profile/niteshnahta,['Mobile and Web Development'],,,,,,,,,,,,,
/accounts/profile/colinmcdermott,"['Mobile and Web Development', 'Data Analysis']",,,,,,,,,,,,,
/accounts/profile/gustavoseitun,['Mobile and Web Development'],,,,,,,,,,,,,
/accounts/profile/kachunto,['Mobile and Web Development'],,,,,,,,,,,,,
/accounts/profile/ericsnellman,['Software Development'],['Law'],,,,,,,,,,,,
/accounts/profile/avigdorneeman,['Chemistry'],,,,,,,,,,,,,
/accounts/profile/hubertchang,['Math and Logic'],,,,,,,,,,,,,
/accounts/profile/ianwright,['Math and Logic'],,,,,,,,,,,,,
/accounts/profile/edenmyers,['Medicine & Healthcare'],['Data Analysis'],,,,,,,,,,,,
/accounts/profile/paullaub,['Medicine & Healthcare'],,,,,,,,,,,,,
/accounts/profile/ashishbhutani,['Data Analysis'],,,,,,,,,,,,,
/accounts/profile/davidfountain,['Data Analysis'],,,,,,,,,,,,,
/accounts/profile/nachocastejon,['Data Analysis'],,,,,,,,,,,,,
/accounts/profile/jeanaimewehrung,['Software Development'],,,,,,,,,,,,,
/accounts/profile/emyinprague,['History'],,,,,,,,,,,,,
/accounts/profile/grahamturner,['History'],,,,,,,,,,,,,
/accounts/profile/drewverlee,['Computer Science'],,,,,,,,,,,,,
/accounts/profile/santi,['Computer Science'],,,,,,,,,,,,,
/accounts/profile/sergeytihon,['Computer Science'],,,,,,,,,,,,,
/accounts/profile/grigoryreznichenko,['Economics'],['Economics'],,,,,,,,,,,,
/accounts/profile/valeriemckay1,['Business Strategy'],,,,,,,,,,,,,
/accounts/profile/jacquelinejanelle,['Business Strategy'],,,,,,,,,,,,,
/accounts/profile/maike,['Clinical Science'],,,,,,,,,,,,,
/accounts/profile/alishamanuel,['Philosophy'],,,,,,,,,,,,,
/accounts/profile/dougsteel,['Nanotechnology'],['Data Analysis'],,,,,,,,,,,,
/accounts/profile/ajaoridwan,['Nanotechnology'],,,,,,,,,,,,,
/accounts/profile/Maryy,['Math and Logic'],,,,,,,,,,,,,
/accounts/profile/larsericson1,['Data Analysis'],,,,,,,,,,,,,
/accounts/profile/mashimo,['Entrepreneurship'],,,,,,,,,,,,,
/accounts/profile/paulasselin1,['Entrepreneurship'],,,,,,,,,,,,,
/accounts/profile/carlosabs,['Entrepreneurship'],,,,,,,,,,,,,
/accounts/profile/krismurray,['Music and Art'],,,,,,,,,,,,,
/accounts/profile/fernandofragoso,['History'],,,,,,,,,,,,,
/accounts/profile/kevf,['History'],,,,,,,,,,,,,
/accounts/profile/tamasnagy,['Data Analysis'],,,,,,,,,,,,,
/accounts/profile/laurieblome,['Data Analysis'],,,,,,,,,,,,,
/accounts/profile/lninyo,['Data Analysis'],,,,,,,,,,,,,
/accounts/profile/sergiovaronamoya,['Data Analysis'],,,,,,,,,,,,,
/accounts/profile/ahadagwan,['Data Analysis'],,,,,,,,,,,,,
/accounts/profile/allisonlanager,['Economics'],,,,,,,,,,,,,
/accounts/profile/omarsamir,['Bioinformatics'],,,,,,,,,,,,,
/accounts/profile/errequeerre,['Philosophy'],,,,,,,,,,,,,
/accounts/profile/mariotraversi,['History'],,,,,,,,,,,,,
/accounts/profile/frontcrew,['Finance'],,,,,,,,,,,,,
