id,1,2,3,4,5,6,7,8,9,10,11,12,13,14,15,16,17,18,19,20,21,22,23,24,25
/u/71702,"['Other Languages', 'Business Essentials', 'Data Analysis', 'Personal Development', 'Psychology', 'Nutrition', 'Finance']","['Biology', 'Personal Development']",,,,,,,,,,,,,,,,,,,,,,,
/u/65560,['Nutrition'],,,,,,,,,,,,,,,,,,,,,,,,
/u/62000,['Entrepreneurship'],,,,,,,,,,,,,,,,,,,,,,,,
/u/38313,"['Software Development', 'Probability and Statistics']",['Computer Science'],['Software Development'],,,,,,,,,,,,,,,,,,,,,,
/u/66901,"['Algorithms', 'Computer Security and Networks']",,,,,,,,,,,,,,,,,,,,,,,,
/@dhawal,"['Machine Learning', 'Data Analysis & Statistics']",['Software Development'],['Personal Development'],,,,,,,,,,,,,,,,,,,,,,
/u/12100,"['Software Development', 'Algorithms', 'Computer Security and Networks', 'Algorithms']","['Physics and Astronomy', 'Math and Logic']",['Physics and Astronomy'],['Electrical Engineering'],,,,,,,,,,,,,,,,,,,,,
/u/67233,['Software Development'],,,,,,,,,,,,,,,,,,,,,,,,
/u/54335,['Machine Learning'],['Math and Logic'],['Machine Learning'],,,,,,,,,,,,,,,,,,,,,,
/@emma,['Math and Logic'],"['Biology', 'Clinical Science', 'Medicine & Healthcare', 'History', 'Nutrition']",,,,,,,,,,,,,,,,,,,,,,,
/u/53490,['Leadership and Management'],['Music and Art'],['Business Strategy'],"['Leadership and Management', 'Leadership and Management', 'Leadership and Management']",['Leadership and Management'],['Business Essentials'],"['Marketing', 'Business Strategy']","['Leadership and Management', 'Leadership and Management']",['Leadership and Management'],['Business Strategy'],['Business Intelligence'],['Medicine & Healthcare'],['Leadership and Management'],['Finance'],,,,,,,,,,,
/u/39405,"['Psychology', 'Music and Art', 'History', 'Music and Art']",['History'],,,,,,,,,,,,,,,,,,,,,,,
/u/71742,['Philosophy'],,,,,,,,,,,,,,,,,,,,,,,,
/u/44216,['Personal Development'],['Personal Development'],['Personal Development'],['Psychology'],,,,,,,,,,,,,,,,,,,,,
/u/57932,['Psychology'],,,,,,,,,,,,,,,,,,,,,,,,
/u/68449,"['History', 'Learning English']",,,,,,,,,,,,,,,,,,,,,,,,
/u/61774,['History'],,,,,,,,,,,,,,,,,,,,,,,,
/u/59985,['Personal Development'],,,,,,,,,,,,,,,,,,,,,,,,
/u/61993,['Music and Art'],['History'],,,,,,,,,,,,,,,,,,,,,,,
/@adelyne,"['Math and Logic', 'Business Strategy', 'Bioinformatics', 'Marketing', 'Math and Logic', 'Bioinformatics', 'Software Development', 'Finance', 'Biology', 'Psychology', 'Bioinformatics', 'Personal Development']",['Personal Development'],"['Business Strategy', 'Psychology']","['Leadership and Management', 'Math and Logic']","['Bioinformatics', 'Economics']","['Psychology', 'Probability and Statistics']",['Psychology'],['Data Analysis'],,,,,,,,,,,,,,,,,
/u/65342,"['Data Analysis', 'Business Essentials']",,,,,,,,,,,,,,,,,,,,,,,,
/u/66790,['Personal Development'],,,,,,,,,,,,,,,,,,,,,,,,
/u/65970,"['Mobile and Web Development', 'Medicine & Healthcare', 'Entrepreneurship', 'Electronics', 'Economics', 'Finance', 'Economics']",,,,,,,,,,,,,,,,,,,,,,,,
/u/36210,"['Law', 'Governance and Society']","['Leadership and Management', 'Education', 'Law', 'Leadership and Management', 'Human Rights']",,,,,,,,,,,,,,,,,,,,,,,
/u/8345,"['Philosophy & Ethics', 'History', 'History', 'History', 'Art & Culture', 'History', 'History', 'Business & Management']",['Music and Art'],['Philosophy'],['Social Sciences'],['History'],['Economics'],['Physics and Astronomy'],['Philosophy'],['Finance'],['Economics'],,,,,,,,,,,,,,,
/u/43991,['Law'],"['Data Analysis', 'Data Analysis']",['Other Languages'],['Music and Art'],,,,,,,,,,,,,,,,,,,,,
/u/49156,['Medicine & Healthcare'],,,,,,,,,,,,,,,,,,,,,,,,
/u/59723,['Medicine & Healthcare'],,,,,,,,,,,,,,,,,,,,,,,,
/u/39560,"['Biology', 'Medicine & Healthcare', 'Biology', 'Environmental Science and Sustainability', 'Engineering', 'Probability and Statistics', 'Software Development']",['Personal Development'],"['Psychology', 'Psychology']",,,,,,,,,,,,,,,,,,,,,,
/u/65038,"['Education', 'Education', 'Music and Art', 'Music and Art', 'Learning English']",,,,,,,,,,,,,,,,,,,,,,,,
/@ken,"['Biology & Life Sciences', 'Biology & Life Sciences']",['Bioinformatics'],,,,,,,,,,,,,,,,,,,,,,,
/u/54543,['Software Development'],,,,,,,,,,,,,,,,,,,,,,,,
/u/31570,"['Biology', 'Personal Development', 'Philosophy']",['Biology'],['Psychology'],,,,,,,,,,,,,,,,,,,,,,
/u/61135,"['Biology', 'Bioinformatics']",,,,,,,,,,,,,,,,,,,,,,,,
/u/66261,['Biology'],,,,,,,,,,,,,,,,,,,,,,,,
/u/46337,['Nutrition'],['Medicine & Healthcare'],,,,,,,,,,,,,,,,,,,,,,,
/u/63796,['Nutrition'],,,,,,,,,,,,,,,,,,,,,,,,
/u/46414,['Nutrition'],,,,,,,,,,,,,,,,,,,,,,,,
/u/42657,['Nutrition'],,,,,,,,,,,,,,,,,,,,,,,,
/u/66747,['Education'],,,,,,,,,,,,,,,,,,,,,,,,
/u/44605,['Medicine & Healthcare'],,,,,,,,,,,,,,,,,,,,,,,,
/u/63240,['Other Languages'],,,,,,,,,,,,,,,,,,,,,,,,
/u/31593,['Biology'],,,,,,,,,,,,,,,,,,,,,,,,
/u/63157,"['Other Languages', 'Leadership and Management', 'Economics', 'Marketing', 'Leadership and Management', 'Marketing', 'Marketing']",,,,,,,,,,,,,,,,,,,,,,,,
/u/43904,['Personal Development'],,,,,,,,,,,,,,,,,,,,,,,,
/@greg,"['Algorithms', 'Economics', 'Data Analysis', 'Data Analysis', 'Data Analysis', 'Machine Learning', 'Personal Development', 'Data Analysis', 'Sociology', 'Computer Science', 'Data Analysis & Statistics', 'Computer Science']",,,,,,,,,,,,,,,,,,,,,,,,
/u/35929,"['Algorithms', 'Music and Art', 'Economics', 'Business Essentials', 'Data Analysis', 'Entrepreneurship']",,,,,,,,,,,,,,,,,,,,,,,,
/u/45161,['Communication'],,,,,,,,,,,,,,,,,,,,,,,,
/u/29268,['Music and Art'],,,,,,,,,,,,,,,,,,,,,,,,
/u/31974,['Engineering'],['Leadership and Management'],['Business Essentials'],"['Economics', 'Law']","['Finance', 'Finance', 'Finance', 'Finance']",,,,,,,,,,,,,,,,,,,,
/u/26611,['Social Sciences'],['Finance'],,,,,,,,,,,,,,,,,,,,,,,
/u/29706,['Architecture'],['Finance'],,,,,,,,,,,,,,,,,,,,,,,
/u/48888,['Business Essentials'],['Leadership and Management'],['Finance'],,,,,,,,,,,,,,,,,,,,,,
/u/56667,['Leadership and Management'],['Business Essentials'],['Business Strategy'],,,,,,,,,,,,,,,,,,,,,,
/u/66992,"['Business Essentials', 'Personal Development', 'Marketing']",,,,,,,,,,,,,,,,,,,,,,,,
/u/44143,"['Economics', 'Probability and Statistics', 'Finance']","['Physics and Astronomy', 'Design and Product', 'Personal Development', 'Economics', 'Psychology', 'Math and Logic', 'Physics and Astronomy']",['Physics and Astronomy'],,,,,,,,,,,,,,,,,,,,,,
/u/70224,"['Data Analysis', 'Philosophy']",,,,,,,,,,,,,,,,,,,,,,,,
/u/33586,"['Machine Learning', 'Probability and Statistics']",['Data Analysis & Statistics'],['Data Analysis'],['Math and Logic'],['Math and Logic'],['Software Development'],['Computer Science'],['Data Analysis'],,,,,,,,,,,,,,,,,
/u/35462,['Biology'],['Computer Security and Networks'],['Computer Science'],['Software Development'],,,,,,,,,,,,,,,,,,,,,
/u/41290,"['Biology', 'Medicine & Healthcare']",,,,,,,,,,,,,,,,,,,,,,,,
/u/66744,['Psychology'],,,,,,,,,,,,,,,,,,,,,,,,
/u/66672,['Psychology'],,,,,,,,,,,,,,,,,,,,,,,,
/u/66792,['Psychology'],,,,,,,,,,,,,,,,,,,,,,,,
/u/67424,['Psychology'],,,,,,,,,,,,,,,,,,,,,,,,
/u/67418,['Psychology'],,,,,,,,,,,,,,,,,,,,,,,,
/u/71706,['Psychology'],,,,,,,,,,,,,,,,,,,,,,,,
/u/67658,['Psychology'],,,,,,,,,,,,,,,,,,,,,,,,
/u/67422,['Psychology'],,,,,,,,,,,,,,,,,,,,,,,,
/u/67507,['Psychology'],,,,,,,,,,,,,,,,,,,,,,,,
/u/67388,['Psychology'],,,,,,,,,,,,,,,,,,,,,,,,
/u/67516,"['Leadership and Management', 'Personal Development', 'Environmental Science and Sustainability']",,,,,,,,,,,,,,,,,,,,,,,,
/u/20751,"['Business Strategy', 'Business Strategy']","['Personal Development', 'Computer Security and Networks']","['Leadership and Management', 'Business Essentials']","['Psychology', 'Chemistry', 'Marketing', 'Leadership and Management', 'Leadership and Management', 'Entrepreneurship', 'Business Essentials']",,,,,,,,,,,,,,,,,,,,,
/u/64744,['Philosophy'],,,,,,,,,,,,,,,,,,,,,,,,
/u/20364,"['Software Development', 'Computer Science']",['Data Analysis'],['Electrical Engineering'],,,,,,,,,,,,,,,,,,,,,,
/@matteo,['Leadership and Management'],"['Biology', 'Economics', 'Data Analysis', 'Data Analysis', 'Economics']",,,,,,,,,,,,,,,,,,,,,,,
/u/14407,"['Computer Science', 'Computer Science']",,,,,,,,,,,,,,,,,,,,,,,,
/u/35217,"['Biology', 'Electronics']",,,,,,,,,,,,,,,,,,,,,,,,
/u/63876,"['Medicine & Healthcare', 'Engineering']",,,,,,,,,,,,,,,,,,,,,,,,
/u/37104,['Leadership and Management'],"['Business Strategy', 'Business Strategy', 'Leadership and Management', 'Math and Logic', 'Finance', 'Business Strategy', 'Business Strategy']",,,,,,,,,,,,,,,,,,,,,,,
/u/62831,['Business Strategy'],,,,,,,,,,,,,,,,,,,,,,,,
/u/68123,['Business Strategy'],,,,,,,,,,,,,,,,,,,,,,,,
/u/39836,['Environmental Science and Sustainability'],['Personal Development'],"['Bioinformatics', 'Mechanical Engineering']",['Leadership and Management'],,,,,,,,,,,,,,,,,,,,,
/u/70499,['Education'],,,,,,,,,,,,,,,,,,,,,,,,
/u/49149,"['Finance', 'Finance']",,,,,,,,,,,,,,,,,,,,,,,,
/u/45987,"['Governance and Society', 'Psychology', 'Physics and Astronomy']",['Economics'],['Governance and Society'],,,,,,,,,,,,,,,,,,,,,,
/u/71429,['Philosophy'],,,,,,,,,,,,,,,,,,,,,,,,
/u/21391,"['Math and Logic', 'Data Analysis']",,,,,,,,,,,,,,,,,,,,,,,,
/u/40040,"['Algorithms', 'Data Analysis', 'Algorithms', 'Algorithms']",,,,,,,,,,,,,,,,,,,,,,,,
/u/71480,['Algorithms'],,,,,,,,,,,,,,,,,,,,,,,,
/u/71954,['Algorithms'],,,,,,,,,,,,,,,,,,,,,,,,
/u/44267,['Algorithms'],['Machine Learning'],,,,,,,,,,,,,,,,,,,,,,,
/u/61353,['Algorithms'],,,,,,,,,,,,,,,,,,,,,,,,
/u/63704,"['Algorithms', 'Machine Learning', 'Economics', 'Computer Science', 'Computer Science', 'Economics', 'Software Development', 'Machine Learning', 'Algorithms', 'Algorithms', 'Algorithms']",,,,,,,,,,,,,,,,,,,,,,,,
/u/28990,"['Philosophy', 'Business Strategy', 'Software Development']",['Philosophy'],['Psychology'],,,,,,,,,,,,,,,,,,,,,,
/u/65357,['Leadership and Management'],,,,,,,,,,,,,,,,,,,,,,,,
/u/31716,['Business Essentials'],,,,,,,,,,,,,,,,,,,,,,,,
/u/44785,['Business Essentials'],,,,,,,,,,,,,,,,,,,,,,,,
/u/28734,['Entrepreneurship'],['Business Essentials'],,,,,,,,,,,,,,,,,,,,,,,
/u/39567,"['Business Strategy', 'Data Analysis', 'Physics and Astronomy']",['History'],['History'],['Personal Development'],['Data Analysis & Statistics'],['Psychology'],"['Learning English', 'Communication']",['Design and Product'],['Psychology'],"['Economics', 'Economics', 'Business & Management']",['Biology'],['Data Analysis'],['Business Strategy'],"['Leadership and Management', 'Math and Logic']",['Leadership and Management'],['Business Strategy'],,,,,,,,,
/u/71176,"['Business Essentials', 'History']",,,,,,,,,,,,,,,,,,,,,,,,
/u/38653,['Business Essentials'],,,,,,,,,,,,,,,,,,,,,,,,
/u/64006,['Biology'],,,,,,,,,,,,,,,,,,,,,,,,
/u/35266,['Leadership and Management'],"['Marketing', 'Business Intelligence', 'Leadership and Management']",,,,,,,,,,,,,,,,,,,,,,,
/u/39563,"['Leadership and Management', 'Entrepreneurship', 'Entrepreneurship', 'Entrepreneurship', 'Business Intelligence']",,,,,,,,,,,,,,,,,,,,,,,,
/u/53358,['Medicine & Healthcare'],['Psychology'],,,,,,,,,,,,,,,,,,,,,,,
/u/65784,"['Computer Security and Networks', 'Software Development', 'Software Development', 'Personal Development', 'Software Development']",,,,,,,,,,,,,,,,,,,,,,,,
/u/60183,['Computer Security and Networks'],,,,,,,,,,,,,,,,,,,,,,,,
/u/51695,['Data Analysis'],['Computer Security and Networks'],,,,,,,,,,,,,,,,,,,,,,,
/u/51026,"['Computer Security and Networks', 'Leadership and Management']",,,,,,,,,,,,,,,,,,,,,,,,
/u/45266,['Math and Logic'],,,,,,,,,,,,,,,,,,,,,,,,
/u/40192,['Data Analysis'],['Math and Logic'],['Mobile and Web Development'],,,,,,,,,,,,,,,,,,,,,,
/u/64495,['Math and Logic'],,,,,,,,,,,,,,,,,,,,,,,,
/u/59873,"['Math and Logic', 'Math and Logic']",,,,,,,,,,,,,,,,,,,,,,,,
/u/23857,['Data Analysis'],,,,,,,,,,,,,,,,,,,,,,,,
/u/41751,['Marketing'],,,,,,,,,,,,,,,,,,,,,,,,
/@vinisha,['Marketing'],['Marketing'],,,,,,,,,,,,,,,,,,,,,,,
/u/63888,['Psychology'],['Personal Development'],,,,,,,,,,,,,,,,,,,,,,,
/u/17856,['Leadership and Management'],['Business Essentials'],"['Marketing', 'Business Essentials']",,,,,,,,,,,,,,,,,,,,,,
/u/60533,['Marketing'],,,,,,,,,,,,,,,,,,,,,,,,
/u/52380,['Entrepreneurship'],,,,,,,,,,,,,,,,,,,,,,,,
/u/62946,['Physics and Astronomy'],,,,,,,,,,,,,,,,,,,,,,,,
/u/46101,['Entrepreneurship'],,,,,,,,,,,,,,,,,,,,,,,,
/u/33310,['Governance and Society'],,,,,,,,,,,,,,,,,,,,,,,,
/u/55362,['History'],,,,,,,,,,,,,,,,,,,,,,,,
/u/55574,['History'],,,,,,,,,,,,,,,,,,,,,,,,
/u/62653,['Probability and Statistics'],,,,,,,,,,,,,,,,,,,,,,,,
/@bob,['Machine Learning'],"['Computer Security and Networks', 'Computer Science', 'Software Development']","['Machine Learning', 'Law', 'Computer Science']",,,,,,,,,,,,,,,,,,,,,,
/u/28764,"['History', 'Design and Product']",,,,,,,,,,,,,,,,,,,,,,,,
/u/43128,['Electrical Engineering'],,,,,,,,,,,,,,,,,,,,,,,,
/u/20289,"['Entrepreneurship', 'Business & Management']",['Entrepreneurship'],['Personal Development'],['Entrepreneurship'],,,,,,,,,,,,,,,,,,,,,
/u/29121,['Psychology'],,,,,,,,,,,,,,,,,,,,,,,,
/u/61097,['Algorithms'],,,,,,,,,,,,,,,,,,,,,,,,
/u/39313,['Software Development'],,,,,,,,,,,,,,,,,,,,,,,,
/u/37636,['Software Development'],,,,,,,,,,,,,,,,,,,,,,,,
/u/39410,['Software Development'],,,,,,,,,,,,,,,,,,,,,,,,
/u/43562,['Computer Security and Networks'],,,,,,,,,,,,,,,,,,,,,,,,
/u/53279,"['Computer Security and Networks', 'Physics and Astronomy']",,,,,,,,,,,,,,,,,,,,,,,,
/u/70322,"['Computer Security and Networks', 'Math and Logic', 'Data Analysis', 'Machine Learning', 'Personal Development', 'History', 'Civil Engineering', 'Software Development']",,,,,,,,,,,,,,,,,,,,,,,,
/u/66527,['Math and Logic'],,,,,,,,,,,,,,,,,,,,,,,,
/u/33438,['Leadership and Management'],,,,,,,,,,,,,,,,,,,,,,,,
/u/54558,"['Psychology', 'Psychology', 'Economics']",,,,,,,,,,,,,,,,,,,,,,,,
/u/37209,['Chemistry'],,,,,,,,,,,,,,,,,,,,,,,,
/u/44173,['Computer Security and Networks'],['Algorithms'],,,,,,,,,,,,,,,,,,,,,,,
/u/55291,['Mobile and Web Development'],,,,,,,,,,,,,,,,,,,,,,,,
/u/55765,['Mobile and Web Development'],,,,,,,,,,,,,,,,,,,,,,,,
/u/40387,['Personal Development'],"['Mobile and Web Development', 'Mobile and Web Development', 'Software Development']",,,,,,,,,,,,,,,,,,,,,,,
/u/39878,['Mobile and Web Development'],,,,,,,,,,,,,,,,,,,,,,,,
/u/55758,['Mobile and Web Development'],,,,,,,,,,,,,,,,,,,,,,,,
/u/55889,['Mobile and Web Development'],,,,,,,,,,,,,,,,,,,,,,,,
/u/56086,['Mobile and Web Development'],,,,,,,,,,,,,,,,,,,,,,,,
/u/55251,['Mobile and Web Development'],,,,,,,,,,,,,,,,,,,,,,,,
/u/56163,['Mobile and Web Development'],,,,,,,,,,,,,,,,,,,,,,,,
/u/60946,['Mobile and Web Development'],,,,,,,,,,,,,,,,,,,,,,,,
/u/39402,"['Computer Security and Networks', 'Computer Security and Networks']",,,,,,,,,,,,,,,,,,,,,,,,
/u/62404,"['Probability and Statistics', 'Data Analysis', 'Data Analysis', 'Data Analysis']","['Data Analysis', 'Data Analysis', 'Business Strategy']",,,,,,,,,,,,,,,,,,,,,,,
/u/68530,['Marketing'],,,,,,,,,,,,,,,,,,,,,,,,
/u/69914,['Marketing'],,,,,,,,,,,,,,,,,,,,,,,,
/u/70696,['Marketing'],,,,,,,,,,,,,,,,,,,,,,,,
/u/69111,['Marketing'],,,,,,,,,,,,,,,,,,,,,,,,
/u/72086,['Marketing'],,,,,,,,,,,,,,,,,,,,,,,,
/u/63233,['Business Essentials'],,,,,,,,,,,,,,,,,,,,,,,,
/u/33043,['Leadership and Management'],,,,,,,,,,,,,,,,,,,,,,,,
/u/7022,"['Leadership and Management', 'Economics']",,,,,,,,,,,,,,,,,,,,,,,,
/u/62675,['Leadership and Management'],,,,,,,,,,,,,,,,,,,,,,,,
/u/49955,['Leadership and Management'],,,,,,,,,,,,,,,,,,,,,,,,
/u/51744,['Economics'],['Economics'],,,,,,,,,,,,,,,,,,,,,,,
/u/64984,['Medicine & Healthcare'],,,,,,,,,,,,,,,,,,,,,,,,
/u/40180,['Music'],['Music and Art'],,,,,,,,,,,,,,,,,,,,,,,
/u/66082,['Probability and Statistics'],,,,,,,,,,,,,,,,,,,,,,,,
/u/61069,['Leadership and Management'],,,,,,,,,,,,,,,,,,,,,,,,
/u/64965,['Marketing'],,,,,,,,,,,,,,,,,,,,,,,,
/u/20214,['Leadership and Management'],"['Music and Art', 'Entrepreneurship', 'Music and Art']",,,,,,,,,,,,,,,,,,,,,,,
/u/34002,['Leadership and Management'],,,,,,,,,,,,,,,,,,,,,,,,
/u/43746,['Design and Product'],['Data Analysis'],['Leadership and Management'],,,,,,,,,,,,,,,,,,,,,,
/u/35097,['Software Development'],,,,,,,,,,,,,,,,,,,,,,,,
/u/57753,['Software Development'],,,,,,,,,,,,,,,,,,,,,,,,
/u/64371,['Economics'],,,,,,,,,,,,,,,,,,,,,,,,
/u/61729,['Education'],,,,,,,,,,,,,,,,,,,,,,,,
/u/44944,['Electrical Engineering'],,,,,,,,,,,,,,,,,,,,,,,,
/u/64652,['Education'],,,,,,,,,,,,,,,,,,,,,,,,
/u/64856,"['Machine Learning', 'Data Analysis', 'Data Analysis', 'Data Analysis', 'Data Analysis', 'Machine Learning', 'Data Analysis']",,,,,,,,,,,,,,,,,,,,,,,,
/u/52285,['Algorithms'],,,,,,,,,,,,,,,,,,,,,,,,
/u/52527,['Algorithms'],,,,,,,,,,,,,,,,,,,,,,,,
/u/52338,['Algorithms'],,,,,,,,,,,,,,,,,,,,,,,,
/u/50027,['Algorithms'],,,,,,,,,,,,,,,,,,,,,,,,
/u/51266,['Algorithms'],,,,,,,,,,,,,,,,,,,,,,,,
/u/57122,"['Algorithms', 'Computer Science']",,,,,,,,,,,,,,,,,,,,,,,,
/u/61082,['Business Essentials'],,,,,,,,,,,,,,,,,,,,,,,,
/u/65980,['Algorithms'],,,,,,,,,,,,,,,,,,,,,,,,
/u/60877,['Algorithms'],,,,,,,,,,,,,,,,,,,,,,,,
/u/63249,['Bioinformatics'],,,,,,,,,,,,,,,,,,,,,,,,
/u/65808,"['Design and Product', 'Software Development', 'Software Development', 'Software Development']",,,,,,,,,,,,,,,,,,,,,,,,
/u/60202,['Business Strategy'],,,,,,,,,,,,,,,,,,,,,,,,
/u/58011,['Music and Art'],,,,,,,,,,,,,,,,,,,,,,,,
/u/66246,"['Music and Art', 'Personal Development']",,,,,,,,,,,,,,,,,,,,,,,,
/u/21430,['History'],['Philosophy'],,,,,,,,,,,,,,,,,,,,,,,
/u/71893,"['Data Analysis', 'Data Analysis', 'Data Analysis', 'Data Analysis']",,,,,,,,,,,,,,,,,,,,,,,,
/u/48460,"['Data Analysis', 'Data Analysis', 'Data Analysis', 'Data Analysis', 'Data Analysis']",,,,,,,,,,,,,,,,,,,,,,,,
/u/65715,['Leadership and Management'],,,,,,,,,,,,,,,,,,,,,,,,
/u/71180,"['Leadership and Management', 'Personal Development']",,,,,,,,,,,,,,,,,,,,,,,,
/u/57725,['Mobile and Web Development'],,,,,,,,,,,,,,,,,,,,,,,,
/u/68820,"['Music and Art', 'Personal Development', 'Nutrition', 'Mobile and Web Development']",,,,,,,,,,,,,,,,,,,,,,,,
/u/44928,['History'],,,,,,,,,,,,,,,,,,,,,,,,
/u/72256,['Entrepreneurship'],,,,,,,,,,,,,,,,,,,,,,,,
/u/48347,['Data Analysis'],,,,,,,,,,,,,,,,,,,,,,,,
/u/51694,['Data Analysis'],,,,,,,,,,,,,,,,,,,,,,,,
/u/50578,['Data Analysis'],,,,,,,,,,,,,,,,,,,,,,,,
/u/50821,['Data Analysis'],,,,,,,,,,,,,,,,,,,,,,,,
/u/56432,['Law'],,,,,,,,,,,,,,,,,,,,,,,,
/u/28509,['Electronics'],,,,,,,,,,,,,,,,,,,,,,,,
/@rodger,['Computer Science'],['Software Development'],,,,,,,,,,,,,,,,,,,,,,,
/u/39920,['Software Development'],,,,,,,,,,,,,,,,,,,,,,,,
/u/44181,['Software Development'],,,,,,,,,,,,,,,,,,,,,,,,
/u/44602,['Software Development'],,,,,,,,,,,,,,,,,,,,,,,,
/u/46260,"['Music and Art', 'Software Development']",,,,,,,,,,,,,,,,,,,,,,,,
/u/43160,['Entrepreneurship'],,,,,,,,,,,,,,,,,,,,,,,,
/u/61738,"['Entrepreneurship', 'Entrepreneurship', 'Entrepreneurship']",,,,,,,,,,,,,,,,,,,,,,,,
/u/45434,"['Medicine & Healthcare', 'Medicine & Healthcare']",,,,,,,,,,,,,,,,,,,,,,,,
/u/51411,['Data Analysis'],,,,,,,,,,,,,,,,,,,,,,,,
/u/57086,['Data Analysis'],,,,,,,,,,,,,,,,,,,,,,,,
/u/42169,['Data Analysis'],,,,,,,,,,,,,,,,,,,,,,,,
/u/40052,['Data Analysis'],,,,,,,,,,,,,,,,,,,,,,,,
/u/55274,['Data Analysis'],,,,,,,,,,,,,,,,,,,,,,,,
/u/71834,['Data Analysis'],['Data Analysis'],,,,,,,,,,,,,,,,,,,,,,,
/u/57993,['Data Analysis'],,,,,,,,,,,,,,,,,,,,,,,,
/u/50508,"['Data Analysis', 'Data Analysis']",,,,,,,,,,,,,,,,,,,,,,,,
/u/39697,['Data Analysis'],,,,,,,,,,,,,,,,,,,,,,,,
/u/72655,"['Data Analysis', 'Psychology']",,,,,,,,,,,,,,,,,,,,,,,,
/u/63094,['Data Analysis'],,,,,,,,,,,,,,,,,,,,,,,,
/u/70572,"['Data Analysis', 'Personal Development']",,,,,,,,,,,,,,,,,,,,,,,,
/u/68059,['Data Analysis'],,,,,,,,,,,,,,,,,,,,,,,,
/u/53706,['Software Development'],,,,,,,,,,,,,,,,,,,,,,,,
/u/62962,['Software Development'],,,,,,,,,,,,,,,,,,,,,,,,
/u/41288,['Governance and Society'],,,,,,,,,,,,,,,,,,,,,,,,
/u/60424,['Entrepreneurship'],,,,,,,,,,,,,,,,,,,,,,,,
/u/71813,['Personal Development'],,,,,,,,,,,,,,,,,,,,,,,,
/u/37820,['Data Analysis'],,,,,,,,,,,,,,,,,,,,,,,,
/u/62441,['Data Analysis'],,,,,,,,,,,,,,,,,,,,,,,,
/u/51268,['Data Analysis'],,,,,,,,,,,,,,,,,,,,,,,,
/u/72163,['Data Analysis'],,,,,,,,,,,,,,,,,,,,,,,,
/u/43628,['Data Analysis'],,,,,,,,,,,,,,,,,,,,,,,,
/u/48050,['Data Analysis'],,,,,,,,,,,,,,,,,,,,,,,,
/u/43998,['Data Analysis'],,,,,,,,,,,,,,,,,,,,,,,,
/u/53613,['Data Analysis'],,,,,,,,,,,,,,,,,,,,,,,,
/u/62448,['Data Analysis'],,,,,,,,,,,,,,,,,,,,,,,,
/u/70331,['Data Analysis'],,,,,,,,,,,,,,,,,,,,,,,,
/u/58007,['Data Analysis'],,,,,,,,,,,,,,,,,,,,,,,,
/u/42701,['Data Analysis'],,,,,,,,,,,,,,,,,,,,,,,,
/u/57769,['Data Analysis'],,,,,,,,,,,,,,,,,,,,,,,,
/u/55990,['Data Analysis'],,,,,,,,,,,,,,,,,,,,,,,,
/u/48489,"['Data Analysis', 'Machine Learning']",,,,,,,,,,,,,,,,,,,,,,,,
/u/20501,['Data Analysis'],,,,,,,,,,,,,,,,,,,,,,,,
/u/35609,['Data Analysis'],,,,,,,,,,,,,,,,,,,,,,,,
/u/45447,['Software Development'],,,,,,,,,,,,,,,,,,,,,,,,
/u/46876,"['Machine Learning', 'Machine Learning']",,,,,,,,,,,,,,,,,,,,,,,,
/u/39960,['Physics and Astronomy'],,,,,,,,,,,,,,,,,,,,,,,,
/u/35142,['Machine Learning'],,,,,,,,,,,,,,,,,,,,,,,,
/@mal,['Computer Science'],,,,,,,,,,,,,,,,,,,,,,,,
/u/43050,['Machine Learning'],,,,,,,,,,,,,,,,,,,,,,,,
/u/72129,['Machine Learning'],,,,,,,,,,,,,,,,,,,,,,,,
/u/71342,['Machine Learning'],,,,,,,,,,,,,,,,,,,,,,,,
/u/61387,['Machine Learning'],,,,,,,,,,,,,,,,,,,,,,,,
/u/44229,['Machine Learning'],,,,,,,,,,,,,,,,,,,,,,,,
/u/66014,['Machine Learning'],,,,,,,,,,,,,,,,,,,,,,,,
/u/38844,"['Machine Learning', 'Data Analysis']",,,,,,,,,,,,,,,,,,,,,,,,
/u/66145,"['Machine Learning', 'Personal Development', 'Machine Learning']",,,,,,,,,,,,,,,,,,,,,,,,
/u/55014,['Machine Learning'],,,,,,,,,,,,,,,,,,,,,,,,
/u/40734,['Data Analysis'],,,,,,,,,,,,,,,,,,,,,,,,
/u/45360,['Data Analysis'],,,,,,,,,,,,,,,,,,,,,,,,
/u/45969,['Personal Development'],,,,,,,,,,,,,,,,,,,,,,,,
/u/39792,['Personal Development'],,,,,,,,,,,,,,,,,,,,,,,,
/u/40110,['Personal Development'],,,,,,,,,,,,,,,,,,,,,,,,
/u/46519,['Personal Development'],,,,,,,,,,,,,,,,,,,,,,,,
/u/46208,['Personal Development'],,,,,,,,,,,,,,,,,,,,,,,,
/u/44440,['Personal Development'],,,,,,,,,,,,,,,,,,,,,,,,
/u/45967,['Personal Development'],,,,,,,,,,,,,,,,,,,,,,,,
/u/46409,['Personal Development'],,,,,,,,,,,,,,,,,,,,,,,,
/u/69906,['Personal Development'],,,,,,,,,,,,,,,,,,,,,,,,
/u/48728,['Personal Development'],,,,,,,,,,,,,,,,,,,,,,,,
/u/72115,['Personal Development'],,,,,,,,,,,,,,,,,,,,,,,,
/u/68515,['Personal Development'],,,,,,,,,,,,,,,,,,,,,,,,
/u/46186,['Personal Development'],,,,,,,,,,,,,,,,,,,,,,,,
/u/71729,['Personal Development'],,,,,,,,,,,,,,,,,,,,,,,,
/u/43053,['Personal Development'],,,,,,,,,,,,,,,,,,,,,,,,
/u/70871,['Personal Development'],"['Nanotechnology', 'Computer Security and Networks']",,,,,,,,,,,,,,,,,,,,,,,
/u/71211,['Personal Development'],,,,,,,,,,,,,,,,,,,,,,,,
/u/68516,['Personal Development'],,,,,,,,,,,,,,,,,,,,,,,,
/u/68803,['Personal Development'],,,,,,,,,,,,,,,,,,,,,,,,
/u/71744,['Personal Development'],,,,,,,,,,,,,,,,,,,,,,,,
/u/39610,['Personal Development'],,,,,,,,,,,,,,,,,,,,,,,,
/u/66364,['Personal Development'],,,,,,,,,,,,,,,,,,,,,,,,
/u/66397,['Personal Development'],,,,,,,,,,,,,,,,,,,,,,,,
/u/68308,['Personal Development'],,,,,,,,,,,,,,,,,,,,,,,,
/u/69353,['Personal Development'],,,,,,,,,,,,,,,,,,,,,,,,
/u/62367,['Personal Development'],,,,,,,,,,,,,,,,,,,,,,,,
/u/46463,['Personal Development'],,,,,,,,,,,,,,,,,,,,,,,,
/u/32486,['Personal Development'],,,,,,,,,,,,,,,,,,,,,,,,
/u/32471,['Social Sciences'],['Personal Development'],,,,,,,,,,,,,,,,,,,,,,,
/u/62453,['Personal Development'],,,,,,,,,,,,,,,,,,,,,,,,
/u/71924,['Personal Development'],,,,,,,,,,,,,,,,,,,,,,,,
/u/67077,['Personal Development'],,,,,,,,,,,,,,,,,,,,,,,,
/u/66162,['Personal Development'],,,,,,,,,,,,,,,,,,,,,,,,
/u/60576,['Personal Development'],,,,,,,,,,,,,,,,,,,,,,,,
/u/57411,['Personal Development'],,,,,,,,,,,,,,,,,,,,,,,,
/u/68862,['Marketing'],,,,,,,,,,,,,,,,,,,,,,,,
/u/63183,['Marketing'],,,,,,,,,,,,,,,,,,,,,,,,
/u/63048,['Marketing'],,,,,,,,,,,,,,,,,,,,,,,,
/u/62397,['Marketing'],,,,,,,,,,,,,,,,,,,,,,,,
/u/65192,['Marketing'],,,,,,,,,,,,,,,,,,,,,,,,
/u/68093,['Marketing'],,,,,,,,,,,,,,,,,,,,,,,,
/u/63555,['Marketing'],,,,,,,,,,,,,,,,,,,,,,,,
/u/63346,['Marketing'],,,,,,,,,,,,,,,,,,,,,,,,
/u/67714,['Marketing'],,,,,,,,,,,,,,,,,,,,,,,,
/u/68003,['Marketing'],,,,,,,,,,,,,,,,,,,,,,,,
/u/64497,['Marketing'],,,,,,,,,,,,,,,,,,,,,,,,
/u/69433,['Marketing'],,,,,,,,,,,,,,,,,,,,,,,,
/u/64938,['Marketing'],,,,,,,,,,,,,,,,,,,,,,,,
/u/63303,['Marketing'],,,,,,,,,,,,,,,,,,,,,,,,
/u/65375,['Marketing'],,,,,,,,,,,,,,,,,,,,,,,,
/u/64233,['Marketing'],,,,,,,,,,,,,,,,,,,,,,,,
/u/70072,['Marketing'],,,,,,,,,,,,,,,,,,,,,,,,
/u/66587,['Marketing'],,,,,,,,,,,,,,,,,,,,,,,,
/u/63087,['Marketing'],,,,,,,,,,,,,,,,,,,,,,,,
/u/63101,['Marketing'],,,,,,,,,,,,,,,,,,,,,,,,
/u/66789,['Marketing'],,,,,,,,,,,,,,,,,,,,,,,,
/u/68826,['Marketing'],,,,,,,,,,,,,,,,,,,,,,,,
/u/64078,['Marketing'],,,,,,,,,,,,,,,,,,,,,,,,
/u/63808,['Marketing'],,,,,,,,,,,,,,,,,,,,,,,,
/u/64923,['Marketing'],,,,,,,,,,,,,,,,,,,,,,,,
/u/64284,['Marketing'],,,,,,,,,,,,,,,,,,,,,,,,
/u/63108,['Marketing'],,,,,,,,,,,,,,,,,,,,,,,,
/u/67633,['Marketing'],,,,,,,,,,,,,,,,,,,,,,,,
/u/59229,['Education'],,,,,,,,,,,,,,,,,,,,,,,,
/u/53208,['Economics'],,,,,,,,,,,,,,,,,,,,,,,,
/u/60689,['Philosophy'],,,,,,,,,,,,,,,,,,,,,,,,
/u/51284,['Computer Security and Networks'],,,,,,,,,,,,,,,,,,,,,,,,
/u/48057,['Psychology'],,,,,,,,,,,,,,,,,,,,,,,,
/u/68386,['Psychology'],,,,,,,,,,,,,,,,,,,,,,,,
/u/46971,['Economics'],,,,,,,,,,,,,,,,,,,,,,,,
/u/49054,['Economics'],,,,,,,,,,,,,,,,,,,,,,,,
/u/61566,['Business Essentials'],,,,,,,,,,,,,,,,,,,,,,,,
/u/63725,['Math and Logic'],,,,,,,,,,,,,,,,,,,,,,,,
/u/37261,['Computer Security and Networks'],,,,,,,,,,,,,,,,,,,,,,,,
/u/52354,['Electrical Engineering'],,,,,,,,,,,,,,,,,,,,,,,,
/u/64269,['Entrepreneurship'],,,,,,,,,,,,,,,,,,,,,,,,
/u/39209,['Education & Teacher Training'],,,,,,,,,,,,,,,,,,,,,,,,
/u/62300,"['Environmental Science and Sustainability', 'Environmental Science and Sustainability']",,,,,,,,,,,,,,,,,,,,,,,,
/u/16409,['Data Analysis & Statistics'],,,,,,,,,,,,,,,,,,,,,,,,
/u/38949,['Data Analysis & Statistics'],,,,,,,,,,,,,,,,,,,,,,,,
/u/46807,['Communication'],,,,,,,,,,,,,,,,,,,,,,,,
/u/42884,['Engineering'],['Environmental Science and Sustainability'],,,,,,,,,,,,,,,,,,,,,,,
/u/49048,['Biology'],,,,,,,,,,,,,,,,,,,,,,,,
/u/72469,['History'],,,,,,,,,,,,,,,,,,,,,,,,
/u/72106,"['History', 'Learning English']",,,,,,,,,,,,,,,,,,,,,,,,
/u/64265,['Nutrition'],,,,,,,,,,,,,,,,,,,,,,,,
/u/48120,['Music and Art'],,,,,,,,,,,,,,,,,,,,,,,,
/u/71063,['Other Languages'],,,,,,,,,,,,,,,,,,,,,,,,
/u/39865,['Data Analysis & Statistics'],,,,,,,,,,,,,,,,,,,,,,,,
/u/31113,['Engineering'],,,,,,,,,,,,,,,,,,,,,,,,
/u/36111,['Physics and Astronomy'],,,,,,,,,,,,,,,,,,,,,,,,
/u/65254,['Physics and Astronomy'],,,,,,,,,,,,,,,,,,,,,,,,
/u/65147,['Physics and Astronomy'],,,,,,,,,,,,,,,,,,,,,,,,
/u/66693,['Physics and Astronomy'],,,,,,,,,,,,,,,,,,,,,,,,
/u/67106,['Physics and Astronomy'],,,,,,,,,,,,,,,,,,,,,,,,
/u/66390,['Music and Art'],,,,,,,,,,,,,,,,,,,,,,,,
/u/72087,['Computer Science'],,,,,,,,,,,,,,,,,,,,,,,,
/u/34972,"['Physics', 'Energy & Earth Sciences']",,,,,,,,,,,,,,,,,,,,,,,,
/u/64906,['Finance'],,,,,,,,,,,,,,,,,,,,,,,,
/u/40258,['Engineering'],,,,,,,,,,,,,,,,,,,,,,,,
/u/32903,['Physics'],,,,,,,,,,,,,,,,,,,,,,,,
/u/51285,['Film'],,,,,,,,,,,,,,,,,,,,,,,,
/u/30052,['Computer Science'],,,,,,,,,,,,,,,,,,,,,,,,
/u/60940,['Learning English'],,,,,,,,,,,,,,,,,,,,,,,,
/u/35535,['Humanities'],,,,,,,,,,,,,,,,,,,,,,,,
/u/38547,['Literature'],,,,,,,,,,,,,,,,,,,,,,,,
/u/27994,['Literature'],,,,,,,,,,,,,,,,,,,,,,,,
/u/62230,['Finance'],,,,,,,,,,,,,,,,,,,,,,,,
/u/63649,['Business'],,,,,,,,,,,,,,,,,,,,,,,,
/u/5754,['Biology & Life Sciences'],,,,,,,,,,,,,,,,,,,,,,,,
/u/68583,"['Computer Science', 'Computer Science']",,,,,,,,,,,,,,,,,,,,,,,,
/u/32336,['Business & Management'],,,,,,,,,,,,,,,,,,,,,,,,
/u/8894,['Medicine & Healthcare'],,,,,,,,,,,,,,,,,,,,,,,,
/u/40901,['Software Development'],,,,,,,,,,,,,,,,,,,,,,,,
/u/60887,['History'],,,,,,,,,,,,,,,,,,,,,,,,
/u/67265,['Chemistry'],,,,,,,,,,,,,,,,,,,,,,,,
/u/43866,"['Psychology', 'Psychology']",,,,,,,,,,,,,,,,,,,,,,,,
/u/51147,['Physics and Astronomy'],,,,,,,,,,,,,,,,,,,,,,,,
/u/32236,['Design and Product'],,,,,,,,,,,,,,,,,,,,,,,,
/u/35797,['Psychology'],,,,,,,,,,,,,,,,,,,,,,,,
/u/60960,['Music and Art'],,,,,,,,,,,,,,,,,,,,,,,,
/u/29093,['Software Development'],,,,,,,,,,,,,,,,,,,,,,,,
/u/34730,['Math and Logic'],,,,,,,,,,,,,,,,,,,,,,,,
/u/48523,['Math and Logic'],,,,,,,,,,,,,,,,,,,,,,,,
/u/47853,['Math and Logic'],,,,,,,,,,,,,,,,,,,,,,,,
/u/36399,['Physics and Astronomy'],,,,,,,,,,,,,,,,,,,,,,,,
/u/49997,['Electrical Engineering'],,,,,,,,,,,,,,,,,,,,,,,,
/u/41021,['Math and Logic'],,,,,,,,,,,,,,,,,,,,,,,,
/u/55109,['History'],,,,,,,,,,,,,,,,,,,,,,,,
/u/39832,['History'],,,,,,,,,,,,,,,,,,,,,,,,
/u/66171,['Electronics'],,,,,,,,,,,,,,,,,,,,,,,,
/u/56588,['Electronics'],,,,,,,,,,,,,,,,,,,,,,,,
/u/39606,['Medicine & Healthcare'],,,,,,,,,,,,,,,,,,,,,,,,
/u/42703,['Nutrition'],,,,,,,,,,,,,,,,,,,,,,,,
/u/46832,['Law'],,,,,,,,,,,,,,,,,,,,,,,,
/u/47826,['Law'],,,,,,,,,,,,,,,,,,,,,,,,
/u/58981,['Medicine & Healthcare'],,,,,,,,,,,,,,,,,,,,,,,,
/u/69077,['Software Development'],,,,,,,,,,,,,,,,,,,,,,,,
/u/69772,['Software Development'],,,,,,,,,,,,,,,,,,,,,,,,
/u/59068,['Entrepreneurship'],,,,,,,,,,,,,,,,,,,,,,,,
/u/63482,['History'],,,,,,,,,,,,,,,,,,,,,,,,
/u/37599,['History'],,,,,,,,,,,,,,,,,,,,,,,,
/u/33758,['Business Intelligence'],,,,,,,,,,,,,,,,,,,,,,,,
/u/60857,['Film'],,,,,,,,,,,,,,,,,,,,,,,,
/u/56373,['Math and Logic'],,,,,,,,,,,,,,,,,,,,,,,,
/u/67914,['Math and Logic'],,,,,,,,,,,,,,,,,,,,,,,,
/u/65317,['Career Development'],,,,,,,,,,,,,,,,,,,,,,,,
/u/38125,['Finance'],,,,,,,,,,,,,,,,,,,,,,,,
/u/70803,['Finance'],,,,,,,,,,,,,,,,,,,,,,,,
/u/68861,['Learning English'],,,,,,,,,,,,,,,,,,,,,,,,
/u/68997,['Learning English'],,,,,,,,,,,,,,,,,,,,,,,,
/u/46738,['Learning English'],,,,,,,,,,,,,,,,,,,,,,,,
/u/69615,['Learning English'],,,,,,,,,,,,,,,,,,,,,,,,
/u/36949,['Learning English'],,,,,,,,,,,,,,,,,,,,,,,,
/u/51319,['Probability and Statistics'],,,,,,,,,,,,,,,,,,,,,,,,
/u/36163,['Learning English'],,,,,,,,,,,,,,,,,,,,,,,,
/u/31852,['Finance'],,,,,,,,,,,,,,,,,,,,,,,,
/u/64766,['Finance'],,,,,,,,,,,,,,,,,,,,,,,,
/u/28917,['Software Development'],,,,,,,,,,,,,,,,,,,,,,,,
/u/65748,['Software Development'],,,,,,,,,,,,,,,,,,,,,,,,
/u/60933,['Software Development'],,,,,,,,,,,,,,,,,,,,,,,,
/u/31474,['Economics'],,,,,,,,,,,,,,,,,,,,,,,,
/u/57154,['Governance and Society'],,,,,,,,,,,,,,,,,,,,,,,,
/u/63650,['Learning English'],,,,,,,,,,,,,,,,,,,,,,,,
/u/70801,['Learning English'],,,,,,,,,,,,,,,,,,,,,,,,
/u/64604,['Computer Science'],,,,,,,,,,,,,,,,,,,,,,,,
/u/70753,['Math and Logic'],,,,,,,,,,,,,,,,,,,,,,,,
/u/59941,['Environmental Science and Sustainability'],,,,,,,,,,,,,,,,,,,,,,,,
/u/34662,['Environmental Science and Sustainability'],,,,,,,,,,,,,,,,,,,,,,,,
/u/59342,['Environmental Science and Sustainability'],,,,,,,,,,,,,,,,,,,,,,,,
/u/37468,['Machine Learning'],,,,,,,,,,,,,,,,,,,,,,,,
/u/38400,['Algorithms'],,,,,,,,,,,,,,,,,,,,,,,,
/u/37315,['Algorithms'],,,,,,,,,,,,,,,,,,,,,,,,
/u/34522,['Algorithms'],,,,,,,,,,,,,,,,,,,,,,,,
/accounts/profile/stevenfrank,['Algorithms'],['Computer Science'],['Algorithms'],,,,,,,,,,,,,,,,,,,,,,
/accounts/profile/sekrst,"['Energy & Earth Sciences', 'Physics', 'Physics', 'Physics', 'Physics and Astronomy', 'Physics and Astronomy', 'Physics and Astronomy']",['Physics and Astronomy'],,,,,,,,,,,,,,,,,,,,,,,
/accounts/profile/paulhundal1,['Economics & Finance'],['Humanities'],['History'],['Social Sciences'],['History'],['History'],['Art & Culture'],['History'],['Environmental Studies'],['History'],['History'],['History'],['Social Sciences'],['Social Sciences'],['Environmental Studies'],['Law'],['Social Sciences'],['Environmental Studies'],['Ethics'],['History'],['Biology & Life Sciences'],['Health & Safety'],['Humanities'],['Economics & Finance'],"['Law', 'Computer Science', 'Law']"
/accounts/profile/annschmidt,"['Business & Management', 'Biology & Life Sciences', 'Math', 'Computer Science', 'Chemistry']","['History', 'History', 'History', 'Health & Safety', 'Music', 'Biology & Life Sciences', 'Biology & Life Sciences', 'Chemistry', 'Biology & Life Sciences', 'Energy & Earth Sciences']",,,,,,,,,,,,,,,,,,,,,,,
/accounts/profile/prashantfromindia,['Computer Science'],['Computer Science'],['Algorithms'],,,,,,,,,,,,,,,,,,,,,,
/accounts/profile/mehranalidoostnia1,['Software Development'],['Learning English'],['Humanities'],,,,,,,,,,,,,,,,,,,,,,
/accounts/profile/noneed,['History'],,,,,,,,,,,,,,,,,,,,,,,,
/accounts/profile/jackrogers,"['Philosophy & Ethics', 'Business & Management', 'Math']",['Law'],['History'],"['Art & Culture', 'Philosophy']",,,,,,,,,,,,,,,,,,,,,
/accounts/profile/timothyburns,"['Philosophy & Ethics', 'Biology & Life Sciences']",,,,,,,,,,,,,,,,,,,,,,,,
/accounts/profile/JosephMatthews,['Philosophy & Ethics'],,,,,,,,,,,,,,,,,,,,,,,,
/accounts/profile/YoshikazuTANAMI,['Philosophy & Ethics'],['Career Development'],,,,,,,,,,,,,,,,,,,,,,,
/accounts/profile/rafaelvribeiro,"['Philosophy & Ethics', 'Music and Art', 'Philosophy']",['Computer Science'],,,,,,,,,,,,,,,,,,,,,,,
/accounts/profile/jeffwinchell1,"['Philosophy & Ethics', 'Computer Science', 'Communication', 'Chemistry', 'Computer Science', 'Machine Learning', 'Education', 'Physics and Astronomy', 'Leadership and Management', 'Economics', 'Psychology', 'Education', 'Education', 'Environmental Science and Sustainability', 'Psychology', 'Medicine & Healthcare', 'Economics', 'Mobile and Web Development', 'Law', 'Education', 'Data Analysis', 'Software Development', 'Economics', 'Math and Logic', 'Psychology', 'Social Sciences', 'Medicine & Healthcare', 'Nutrition', 'Data Analysis', 'Data Analysis', 'Governance and Society', 'Entrepreneurship', 'Education']",['Leadership and Management'],['Psychology'],['Data Analysis'],['Computer Science'],"['Math', 'Economics']","['Data Analysis & Statistics', 'Data Analysis']",,,,,,,,,,,,,,,,,,
/accounts/profile/bj,"['Philosophy & Ethics', 'History', 'Data Analysis', 'History']",,,,,,,,,,,,,,,,,,,,,,,,
/accounts/profile/marjancek,['Philosophy & Ethics'],,,,,,,,,,,,,,,,,,,,,,,,
/accounts/profile/ricardoteixeira,['History'],['Biology'],['Economics'],['Animals and Veterinary Science'],['Economics'],"['Sociology', 'Biology', 'Social Sciences']",['Governance and Society'],['Math and Logic'],"['Governance and Society', 'Biology', 'Medicine & Healthcare']",['Governance and Society'],['Economics'],['Philosophy'],['Economics'],['Ethics'],['Philosophy'],,,,,,,,,,
/accounts/profile/ryanaycock,"['Health & Safety', 'Social Sciences', 'Law']",['Finance'],,,,,,,,,,,,,,,,,,,,,,,
/accounts/profile/westonhaskell,['Energy & Earth Sciences'],,,,,,,,,,,,,,,,,,,,,,,,
/accounts/profile/christopheroverton,['Engineering'],['Energy & Earth Sciences'],,,,,,,,,,,,,,,,,,,,,,,
/accounts/profile/melanie2,['Physics'],,,,,,,,,,,,,,,,,,,,,,,,
/accounts/profile/kaccieli1,['Chemistry'],,,,,,,,,,,,,,,,,,,,,,,,
/accounts/profile/zhangjinqiang,['Math'],,,,,,,,,,,,,,,,,,,,,,,,
/accounts/profile/francoisfernando1,['Software Development'],['Data Analysis'],,,,,,,,,,,,,,,,,,,,,,,
/accounts/profile/petra.fliegerova,['Data Analysis & Statistics'],,,,,,,,,,,,,,,,,,,,,,,,
/accounts/profile/bill.seliger,['Data Analysis & Statistics'],,,,,,,,,,,,,,,,,,,,,,,,
/accounts/profile/mtrafalis,['Data Analysis & Statistics'],,,,,,,,,,,,,,,,,,,,,,,,
/accounts/profile/leonardo5,['Data Analysis & Statistics'],,,,,,,,,,,,,,,,,,,,,,,,
/accounts/profile/adamklimont,['Data Analysis & Statistics'],,,,,,,,,,,,,,,,,,,,,,,,
/accounts/profile/Q,"['Data Analysis & Statistics', 'Biology', 'Economics', 'Law', 'Data Analysis', 'Data Analysis']","['History', 'Computer Science']",['Economics'],['Software Development'],,,,,,,,,,,,,,,,,,,,,
/accounts/profile/greghamel,['Computer Science'],"['Machine Learning', 'Design and Product']",['Data Analysis'],['Sociology'],"['Education & Teacher Training', 'Economics']",['Data Analysis'],['Computer Science'],['Engineering'],['Data Analysis'],"['Algorithms', 'Entrepreneurship']",['Data Analysis'],,,,,,,,,,,,,,
/accounts/profile/hz,['Leadership and Management'],,,,,,,,,,,,,,,,,,,,,,,,
/accounts/profile/tarunaryyan,['Computer Science'],,,,,,,,,,,,,,,,,,,,,,,,
/accounts/profile/savr3freedom,"['Data Analysis & Statistics', 'Law', 'Business & Management', 'Machine Learning', 'Business Strategy']",,,,,,,,,,,,,,,,,,,,,,,,
/accounts/profile/markbutler,"['Computer Science', 'Data Analysis']",,,,,,,,,,,,,,,,,,,,,,,,
/accounts/profile/ilya1,"['Electronics', 'Machine Learning', 'Machine Learning', 'Software Development']",,,,,,,,,,,,,,,,,,,,,,,,
/accounts/profile/aleksandrpetrikov1,['Electronics'],,,,,,,,,,,,,,,,,,,,,,,,
/accounts/profile/vivianaclaveria,['Electronics'],,,,,,,,,,,,,,,,,,,,,,,,
/accounts/profile/waqasahmadhadi,['Electronics'],,,,,,,,,,,,,,,,,,,,,,,,
/accounts/profile/joseluisfb,"['Electronics', 'Business Strategy']",,,,,,,,,,,,,,,,,,,,,,,,
/accounts/profile/equanimouscreativity,['Computer Science'],['Software Development'],,,,,,,,,,,,,,,,,,,,,,,
/accounts/profile/hamidehiraj,['Computer Science'],['Probability and Statistics'],"['Business & Management', 'Machine Learning', 'Data Analysis']",,,,,,,,,,,,,,,,,,,,,,
/accounts/profile/cristal,['Business & Management'],,,,,,,,,,,,,,,,,,,,,,,,
/accounts/profile/burlaka,['Business & Management'],,,,,,,,,,,,,,,,,,,,,,,,
/accounts/profile/thomaskrauss,['Business & Management'],,,,,,,,,,,,,,,,,,,,,,,,
/accounts/profile/mikeburgess,['Business & Management'],,,,,,,,,,,,,,,,,,,,,,,,
/accounts/profile/daungteza,['Business & Management'],,,,,,,,,,,,,,,,,,,,,,,,
/accounts/profile/elenacenzato1,"['Business & Management', 'Communication']",,,,,,,,,,,,,,,,,,,,,,,,
/accounts/profile/leanneennsarango,['Business & Management'],,,,,,,,,,,,,,,,,,,,,,,,
/accounts/profile/markwestaway,['Business & Management'],,,,,,,,,,,,,,,,,,,,,,,,
/accounts/profile/fabiobarbosa,['Business & Management'],,,,,,,,,,,,,,,,,,,,,,,,
/accounts/profile/gwenm,"['Business & Management', 'Computer Science', 'Engineering', 'Electrical Engineering', 'Algorithms', 'Music and Art']",,,,,,,,,,,,,,,,,,,,,,,,
/accounts/profile/curtpeterson,['Business & Management'],['Chemistry'],,,,,,,,,,,,,,,,,,,,,,,
/accounts/profile/hcdin,['Business & Management'],,,,,,,,,,,,,,,,,,,,,,,,
/accounts/profile/pavelklammert,"['Computer Science', 'Communication', 'Computer Security and Networks', 'Software Development', 'Psychology', 'Governance and Society']",,,,,,,,,,,,,,,,,,,,,,,,
/accounts/profile/ivanas,['Business & Management'],,,,,,,,,,,,,,,,,,,,,,,,
/accounts/profile/georgetsoukatos,['Business & Management'],,,,,,,,,,,,,,,,,,,,,,,,
/accounts/profile/danielmcdonald,['Physics'],,,,,,,,,,,,,,,,,,,,,,,,
/accounts/profile/aggelikipapadimitriou,"['Biology & Life Sciences', 'Biology & Life Sciences', 'Software Development', 'Psychology']",['Computer Science'],,,,,,,,,,,,,,,,,,,,,,,
/accounts/profile/JafferFatima,['Biology & Life Sciences'],,,,,,,,,,,,,,,,,,,,,,,,
/accounts/profile/ms1,['Biology & Life Sciences'],,,,,,,,,,,,,,,,,,,,,,,,
/accounts/profile/alanmccrindle,"['Biology & Life Sciences', 'Software Development']",,,,,,,,,,,,,,,,,,,,,,,,
/accounts/profile/steffenschwientek,['Biology & Life Sciences'],['Computer Science'],,,,,,,,,,,,,,,,,,,,,,,
/accounts/profile/tamsenaichinger,"['Social Sciences', 'Social Sciences']",,,,,,,,,,,,,,,,,,,,,,,,
/accounts/profile/augustofontanmoura,['Engineering'],,,,,,,,,,,,,,,,,,,,,,,,
/accounts/profile/keithmitchell,['Engineering'],,,,,,,,,,,,,,,,,,,,,,,,
/accounts/profile/brunoporto,['Engineering'],,,,,,,,,,,,,,,,,,,,,,,,
/accounts/profile/richschnoor,['Engineering'],,,,,,,,,,,,,,,,,,,,,,,,
/accounts/profile/dakshshukla1,['Engineering'],,,,,,,,,,,,,,,,,,,,,,,,
/accounts/profile/bobbraunstein,['Philosophy'],,,,,,,,,,,,,,,,,,,,,,,,
/accounts/profile/DanielN.Gullotta,['History'],,,,,,,,,,,,,,,,,,,,,,,,
/accounts/profile/andrewkahr,['History'],,,,,,,,,,,,,,,,,,,,,,,,
/accounts/profile/boyarsky,['Computer Science'],,,,,,,,,,,,,,,,,,,,,,,,
/accounts/profile/sergey4,['Math'],,,,,,,,,,,,,,,,,,,,,,,,
/accounts/profile/yahia.eltaib,['Math'],,,,,,,,,,,,,,,,,,,,,,,,
/accounts/profile/deciolauro,['Math'],,,,,,,,,,,,,,,,,,,,,,,,
/accounts/profile/davidhan,['Math'],,,,,,,,,,,,,,,,,,,,,,,,
/accounts/profile/sr,['Math'],,,,,,,,,,,,,,,,,,,,,,,,
/accounts/profile/dongrayson,['Math'],,,,,,,,,,,,,,,,,,,,,,,,
/accounts/profile/AnnaZakharova,"['History', 'Music and Art']",,,,,,,,,,,,,,,,,,,,,,,,
/accounts/profile/BlueYearning,['History'],,,,,,,,,,,,,,,,,,,,,,,,
/accounts/profile/fabienhenriques,"['History', 'Finance']",,,,,,,,,,,,,,,,,,,,,,,,
/accounts/profile/minhnguyen1,['History'],,,,,,,,,,,,,,,,,,,,,,,,
/accounts/profile/antondimuro,['Law'],,,,,,,,,,,,,,,,,,,,,,,,
/accounts/profile/lailai,['Law'],,,,,,,,,,,,,,,,,,,,,,,,
/accounts/profile/kwabenaata,['Law'],,,,,,,,,,,,,,,,,,,,,,,,
/accounts/profile/perezpinas,['Law'],,,,,,,,,,,,,,,,,,,,,,,,
/accounts/profile/chrisalford,['Probability and Statistics'],,,,,,,,,,,,,,,,,,,,,,,,
/accounts/profile/michaelfarsan,['Computer Science'],,,,,,,,,,,,,,,,,,,,,,,,
/accounts/profile/stevencollins,"['Art & Culture', 'Art & Culture']",,,,,,,,,,,,,,,,,,,,,,,,
/accounts/profile/waimansin,"['Art & Culture', 'Art & Culture']",,,,,,,,,,,,,,,,,,,,,,,,
/accounts/profile/nicomarzian1,"['Art & Culture', 'Art & Culture']",,,,,,,,,,,,,,,,,,,,,,,,
/accounts/profile/GeoffreyMorton-Haworth,"['Art & Culture', 'Art & Culture']",,,,,,,,,,,,,,,,,,,,,,,,
/accounts/profile/brianchung,"['Art & Culture', 'Art & Culture']",,,,,,,,,,,,,,,,,,,,,,,,
/accounts/profile/sashanorkin1,"['Art & Culture', 'Art & Culture']",,,,,,,,,,,,,,,,,,,,,,,,
/accounts/profile/melaniemacfarlane1,"['Art & Culture', 'Art & Culture']",,,,,,,,,,,,,,,,,,,,,,,,
/accounts/profile/menonvijayakumar,['Business Essentials'],['Law'],,,,,,,,,,,,,,,,,,,,,,,
/accounts/profile/dilyanakrasimirova,['Social Sciences'],,,,,,,,,,,,,,,,,,,,,,,,
/accounts/profile/brother,['Social Sciences'],,,,,,,,,,,,,,,,,,,,,,,,
/accounts/profile/joesmith,['Social Sciences'],,,,,,,,,,,,,,,,,,,,,,,,
/accounts/profile/aravindaj,['Social Sciences'],,,,,,,,,,,,,,,,,,,,,,,,
/accounts/profile/dennishorne,['Social Sciences'],['Communication'],['Biology'],,,,,,,,,,,,,,,,,,,,,,
/accounts/profile/fafamonge,['Business & Management'],,,,,,,,,,,,,,,,,,,,,,,,
/accounts/profile/warda,['Education & Teacher Training'],,,,,,,,,,,,,,,,,,,,,,,,
/accounts/profile/gozdeorhankubat,['Education & Teacher Training'],,,,,,,,,,,,,,,,,,,,,,,,
/accounts/profile/roshanvenugopal1,['Health & Safety'],,,,,,,,,,,,,,,,,,,,,,,,
/accounts/profile/ramiroaznar1,['Biology'],['Data Analysis'],['Software Development'],['Software Development'],['Engineering'],,,,,,,,,,,,,,,,,,,,
/accounts/profile/dumitru,['Computer Science'],,,,,,,,,,,,,,,,,,,,,,,,
/accounts/profile/nilname,['Computer Science'],,,,,,,,,,,,,,,,,,,,,,,,
/accounts/profile/erickvalladares1,['Computer Science'],,,,,,,,,,,,,,,,,,,,,,,,
/accounts/profile/hamishmcwilliam1,['Computer Science'],['Computer Science'],,,,,,,,,,,,,,,,,,,,,,,
/accounts/profile/ervinlang,['Computer Science'],,,,,,,,,,,,,,,,,,,,,,,,
/accounts/profile/krishnavaidyanathan,['Computer Science'],,,,,,,,,,,,,,,,,,,,,,,,
/accounts/profile/ashwithrego,['Computer Science'],,,,,,,,,,,,,,,,,,,,,,,,
/accounts/profile/kevinzhu,"['Computer Science', 'Computer Science']",,,,,,,,,,,,,,,,,,,,,,,,
/accounts/profile/mikekinny,"['Computer Science', 'Design and Product']",,,,,,,,,,,,,,,,,,,,,,,,
/accounts/profile/tjorndecroos,['Computer Science'],,,,,,,,,,,,,,,,,,,,,,,,
/accounts/profile/franciscogoitia,['Computer Science'],"['Computer Science', 'Computer Science']",,,,,,,,,,,,,,,,,,,,,,,
/accounts/profile/hakkera,['Computer Science'],,,,,,,,,,,,,,,,,,,,,,,,
/accounts/profile/richardkirkpatrick,['Algorithms'],,,,,,,,,,,,,,,,,,,,,,,,
/accounts/profile/ilyarudyak,['Computer Science'],,,,,,,,,,,,,,,,,,,,,,,,
/accounts/profile/keikomushi,"['History', 'Nutrition']","['Medicine & Healthcare', 'Sociology', 'Physics and Astronomy', 'History']","['Computer Science', 'Animals and Veterinary Science']",['Clinical Science'],"['History', 'Learning English']",,,,,,,,,,,,,,,,,,,,
/accounts/profile/thierryghislainbedzeme,['Economics & Finance'],,,,,,,,,,,,,,,,,,,,,,,,
/accounts/profile/jmgarcia,['Food & Nutrition'],,,,,,,,,,,,,,,,,,,,,,,,
/accounts/profile/dean,['Environmental Studies'],,,,,,,,,,,,,,,,,,,,,,,,
/accounts/profile/filipe,['Environmental Studies'],,,,,,,,,,,,,,,,,,,,,,,,
/accounts/profile/vladimir,['Environmental Studies'],,,,,,,,,,,,,,,,,,,,,,,,
/accounts/profile/sr1,['Environmental Studies'],,,,,,,,,,,,,,,,,,,,,,,,
/accounts/profile/sarahgross,['Environmental Studies'],,,,,,,,,,,,,,,,,,,,,,,,
/accounts/profile/boryszibrov,['Data Analysis & Statistics'],,,,,,,,,,,,,,,,,,,,,,,,
/accounts/profile/nicolacois,['Communication'],,,,,,,,,,,,,,,,,,,,,,,,
/accounts/profile/leonardmangini1,['Governance and Society'],"['Economics & Finance', 'Biology', 'Biology', 'Finance', 'Physics and Astronomy']",['Economics'],['Software Development'],,,,,,,,,,,,,,,,,,,,,
/accounts/profile/kathyho,['Computer Science'],,,,,,,,,,,,,,,,,,,,,,,,
/accounts/profile/sarah5,['Computer Science'],,,,,,,,,,,,,,,,,,,,,,,,
/accounts/profile/sam,['Computer Science'],,,,,,,,,,,,,,,,,,,,,,,,
/accounts/profile/jasonwright,['Computer Science'],,,,,,,,,,,,,,,,,,,,,,,,
/accounts/profile/msafirimtanga,['Computer Science'],,,,,,,,,,,,,,,,,,,,,,,,
/accounts/profile/albertyap,['Computer Science'],,,,,,,,,,,,,,,,,,,,,,,,
/accounts/profile/sofiazaleeva,['Computer Science'],,,,,,,,,,,,,,,,,,,,,,,,
/accounts/profile/rayyanmaster,['Computer Science'],,,,,,,,,,,,,,,,,,,,,,,,
/accounts/profile/sarahoward,['Computer Science'],,,,,,,,,,,,,,,,,,,,,,,,
/accounts/profile/lindeekeller,['Computer Science'],,,,,,,,,,,,,,,,,,,,,,,,
/accounts/profile/gregorybush,['Software Development'],['Biology'],,,,,,,,,,,,,,,,,,,,,,,
/accounts/profile/palosvath1,['Chemistry'],,,,,,,,,,,,,,,,,,,,,,,,
/accounts/profile/romanshapovalov,['Computer Science'],['Psychology'],,,,,,,,,,,,,,,,,,,,,,,
/accounts/profile/tim.bate,['Computer Science'],,,,,,,,,,,,,,,,,,,,,,,,
/accounts/profile/chadcolgur,['Computer Science'],['Computer Security and Networks'],,,,,,,,,,,,,,,,,,,,,,,
/accounts/profile/admin,['Music'],,,,,,,,,,,,,,,,,,,,,,,,
/accounts/profile/davood.abbaspour,['Communication'],,,,,,,,,,,,,,,,,,,,,,,,
/accounts/profile/faizanahamad,['Communication'],,,,,,,,,,,,,,,,,,,,,,,,
/accounts/profile/diocubero1,['Communication'],,,,,,,,,,,,,,,,,,,,,,,,
/accounts/profile/hanhtran,['Communication'],,,,,,,,,,,,,,,,,,,,,,,,
/accounts/profile/muhammadasimpanhwar,['Communication'],,,,,,,,,,,,,,,,,,,,,,,,
/accounts/profile/diegosepulveda,['Computer Science'],,,,,,,,,,,,,,,,,,,,,,,,
/accounts/profile/vilacalvo.albert,['Computer Science'],,,,,,,,,,,,,,,,,,,,,,,,
/accounts/profile/johnbeattie,['Computer Science'],,,,,,,,,,,,,,,,,,,,,,,,
/accounts/profile/bilalkorir,['Computer Science'],,,,,,,,,,,,,,,,,,,,,,,,
/accounts/profile/sushantsharma,['Engineering'],,,,,,,,,,,,,,,,,,,,,,,,
/accounts/profile/timtaka,['Engineering'],,,,,,,,,,,,,,,,,,,,,,,,
/accounts/profile/seanchen1,['Engineering'],,,,,,,,,,,,,,,,,,,,,,,,
/accounts/profile/teringu,['Biology & Life Sciences'],,,,,,,,,,,,,,,,,,,,,,,,
/accounts/profile/joe4,['Biology & Life Sciences'],,,,,,,,,,,,,,,,,,,,,,,,
/accounts/profile/catherine4,['Biology & Life Sciences'],,,,,,,,,,,,,,,,,,,,,,,,
/accounts/profile/dilsondepina,['Biology & Life Sciences'],,,,,,,,,,,,,,,,,,,,,,,,
/accounts/profile/simonchenery,['Software Development'],['Software Development'],,,,,,,,,,,,,,,,,,,,,,,
/accounts/profile/kaoutherzenati,['Biology & Life Sciences'],,,,,,,,,,,,,,,,,,,,,,,,
/accounts/profile/dawzinzinwin,['Education'],,,,,,,,,,,,,,,,,,,,,,,,
/accounts/profile/sheylaaguilarvelasquez,['Business & Management'],,,,,,,,,,,,,,,,,,,,,,,,
/accounts/profile/luisdiaz,['Business & Management'],,,,,,,,,,,,,,,,,,,,,,,,
/accounts/profile/anirudhrokadiya,['Energy & Earth Sciences'],,,,,,,,,,,,,,,,,,,,,,,,
/accounts/profile/chamiraathauda,['Humanities'],,,,,,,,,,,,,,,,,,,,,,,,
/accounts/profile/carineverdet,['Humanities'],,,,,,,,,,,,,,,,,,,,,,,,
/accounts/profile/marcstanton,['Humanities'],,,,,,,,,,,,,,,,,,,,,,,,
/accounts/profile/moehonda,['Biology & Life Sciences'],,,,,,,,,,,,,,,,,,,,,,,,
/accounts/profile/mohammedalhefnawy,['Electronics'],,,,,,,,,,,,,,,,,,,,,,,,
/accounts/profile/bernarddeham,['Electronics'],,,,,,,,,,,,,,,,,,,,,,,,
/accounts/profile/davidneary,['Computer Science'],,,,,,,,,,,,,,,,,,,,,,,,
/accounts/profile/stefanescu,['Computer Science'],,,,,,,,,,,,,,,,,,,,,,,,
/accounts/profile/prasannamohanasundaram,['Computer Science'],,,,,,,,,,,,,,,,,,,,,,,,
/accounts/profile/Pravin.n,['Computer Science'],,,,,,,,,,,,,,,,,,,,,,,,
/accounts/profile/chrissmith,['Computer Science'],,,,,,,,,,,,,,,,,,,,,,,,
/accounts/profile/charleslogsdon,['Computer Science'],,,,,,,,,,,,,,,,,,,,,,,,
/accounts/profile/junqu,['Computer Science'],,,,,,,,,,,,,,,,,,,,,,,,
/accounts/profile/melroyvandenberg1,['Computer Science'],,,,,,,,,,,,,,,,,,,,,,,,
/accounts/profile/enaut.w,['Computer Science'],,,,,,,,,,,,,,,,,,,,,,,,
/accounts/profile/dmitrywolf,['Computer Science'],,,,,,,,,,,,,,,,,,,,,,,,
/accounts/profile/stupidamigo,['Computer Science'],,,,,,,,,,,,,,,,,,,,,,,,
/accounts/profile/satyaprakash,['Computer Science'],,,,,,,,,,,,,,,,,,,,,,,,
/accounts/profile/minadursun,['Computer Science'],,,,,,,,,,,,,,,,,,,,,,,,
/accounts/profile/sangvenkatraman,['Math'],,,,,,,,,,,,,,,,,,,,,,,,
/accounts/profile/jacekczaja,"['Computer Science', 'Math']",,,,,,,,,,,,,,,,,,,,,,,,
/accounts/profile/georgeavazzy,['Business & Management'],,,,,,,,,,,,,,,,,,,,,,,,
/accounts/profile/130,['Chemistry'],,,,,,,,,,,,,,,,,,,,,,,,
/accounts/profile/wb,"['Biology', 'Medicine & Healthcare', 'Nutrition']",['Environmental Science and Sustainability'],,,,,,,,,,,,,,,,,,,,,,,
/accounts/profile/andrewbarrett,['Health & Safety'],,,,,,,,,,,,,,,,,,,,,,,,
/accounts/profile/capreddy,['Health & Safety'],,,,,,,,,,,,,,,,,,,,,,,,
/accounts/profile/keivnmorice,['Health & Safety'],,,,,,,,,,,,,,,,,,,,,,,,
/accounts/profile/marcosagostinho,['Health & Safety'],,,,,,,,,,,,,,,,,,,,,,,,
/accounts/profile/lyk,['Health & Safety'],,,,,,,,,,,,,,,,,,,,,,,,
/accounts/profile/chandrasekharpabba,['Engineering'],,,,,,,,,,,,,,,,,,,,,,,,
/accounts/profile/raulrobalinodiaz,['Engineering'],,,,,,,,,,,,,,,,,,,,,,,,
/accounts/profile/masoodmousavi,['Engineering'],,,,,,,,,,,,,,,,,,,,,,,,
/accounts/profile/doctorscience,['Engineering'],,,,,,,,,,,,,,,,,,,,,,,,
/accounts/profile/samcham,['Engineering'],,,,,,,,,,,,,,,,,,,,,,,,
/accounts/profile/patrickandrews,['Engineering'],,,,,,,,,,,,,,,,,,,,,,,,
/accounts/profile/petermott,['Engineering'],,,,,,,,,,,,,,,,,,,,,,,,
/accounts/profile/snehakuhikar95,['Engineering'],,,,,,,,,,,,,,,,,,,,,,,,
/accounts/profile/haiderrizvi,['Engineering'],,,,,,,,,,,,,,,,,,,,,,,,
/accounts/profile/aniruddhask,['Engineering'],,,,,,,,,,,,,,,,,,,,,,,,
/accounts/profile/neeleshsingh,['Engineering'],,,,,,,,,,,,,,,,,,,,,,,,
/accounts/profile/raymondsiwale,['Engineering'],,,,,,,,,,,,,,,,,,,,,,,,
/accounts/profile/gauravkukreja,['Engineering'],,,,,,,,,,,,,,,,,,,,,,,,
/accounts/profile/zohaibkool00,['Engineering'],,,,,,,,,,,,,,,,,,,,,,,,
/accounts/profile/gabriel,"['Computer Science', 'Software Development']",['Algorithms'],['Computer Science'],,,,,,,,,,,,,,,,,,,,,,
/accounts/profile/arashpourhabibizarandi,"['Computer Science', 'Mobile and Web Development']",,,,,,,,,,,,,,,,,,,,,,,,
/accounts/profile/gesianepajarinen,['Chemistry'],,,,,,,,,,,,,,,,,,,,,,,,
/accounts/profile/adriennefischer,['Chemistry'],,,,,,,,,,,,,,,,,,,,,,,,
/accounts/profile/steven4,['Communication'],,,,,,,,,,,,,,,,,,,,,,,,
/accounts/profile/smithpd1,['Communication'],,,,,,,,,,,,,,,,,,,,,,,,
/accounts/profile/shannonobrien,['Communication'],,,,,,,,,,,,,,,,,,,,,,,,
/accounts/profile/glenn.tamblyn,['Communication'],,,,,,,,,,,,,,,,,,,,,,,,
/accounts/profile/johnjorgensen,['Communication'],,,,,,,,,,,,,,,,,,,,,,,,
/accounts/profile/hyonsoosung1,['Humanities'],,,,,,,,,,,,,,,,,,,,,,,,
/accounts/profile/marynalagereva,['History'],,,,,,,,,,,,,,,,,,,,,,,,
/accounts/profile/lcharrismd,['Engineering'],,,,,,,,,,,,,,,,,,,,,,,,
/accounts/profile/alessandro.cederle,['Engineering'],,,,,,,,,,,,,,,,,,,,,,,,
/accounts/profile/howardrabach,['Engineering'],,,,,,,,,,,,,,,,,,,,,,,,
/accounts/profile/pranavbobde,['Architecture'],,,,,,,,,,,,,,,,,,,,,,,,
/accounts/profile/kichijacob.kj,['Education & Teacher Training'],,,,,,,,,,,,,,,,,,,,,,,,
/accounts/profile/juanhdv,['Mobile and Web Development'],,,,,,,,,,,,,,,,,,,,,,,,
/accounts/profile/ayushagarwal,['Science'],,,,,,,,,,,,,,,,,,,,,,,,
/accounts/profile/keziawilliams1,['Business & Management'],,,,,,,,,,,,,,,,,,,,,,,,
/accounts/profile/gregkanevsky,['Computer Science'],,,,,,,,,,,,,,,,,,,,,,,,
/accounts/profile/massimomorelli1,['Computer Science'],,,,,,,,,,,,,,,,,,,,,,,,
/accounts/profile/annkang85,['Business & Management'],,,,,,,,,,,,,,,,,,,,,,,,
/accounts/profile/paul15,['Computer Science'],,,,,,,,,,,,,,,,,,,,,,,,
/accounts/profile/JananiAnbarasan,['Computer Science'],,,,,,,,,,,,,,,,,,,,,,,,
/accounts/profile/lauraquinn,['Energy & Earth Sciences'],,,,,,,,,,,,,,,,,,,,,,,,
/accounts/profile/debbiefecteau,['Energy & Earth Sciences'],,,,,,,,,,,,,,,,,,,,,,,,
/accounts/profile/kevindineen,['Energy & Earth Sciences'],,,,,,,,,,,,,,,,,,,,,,,,
/accounts/profile/ilariameggetto,['Energy & Earth Sciences'],,,,,,,,,,,,,,,,,,,,,,,,
/accounts/profile/debandrews,['Energy & Earth Sciences'],,,,,,,,,,,,,,,,,,,,,,,,
/accounts/profile/tracykane,['Energy & Earth Sciences'],,,,,,,,,,,,,,,,,,,,,,,,
/accounts/profile/andrewagbonlahor,['Energy & Earth Sciences'],,,,,,,,,,,,,,,,,,,,,,,,
/accounts/profile/joannekennedy,"['Energy & Earth Sciences', 'Physics and Astronomy']",,,,,,,,,,,,,,,,,,,,,,,,
/accounts/profile/nitinraikar1,['Energy & Earth Sciences'],,,,,,,,,,,,,,,,,,,,,,,,
/accounts/profile/marco2,"['Computer Science', 'Business Essentials']",,,,,,,,,,,,,,,,,,,,,,,,
/accounts/profile/pablo5,['Computer Science'],,,,,,,,,,,,,,,,,,,,,,,,
/accounts/profile/odimamark1,['Biology & Life Sciences'],,,,,,,,,,,,,,,,,,,,,,,,
/accounts/profile/EmersonAbrahamJackson,['Environmental Studies'],,,,,,,,,,,,,,,,,,,,,,,,
/accounts/profile/priscilaguimaraes,['Data Analysis'],['Philosophy'],['Leadership and Management'],['Communication'],,,,,,,,,,,,,,,,,,,,,
/accounts/profile/miya,['Software Development'],,,,,,,,,,,,,,,,,,,,,,,,
/accounts/profile/yjh2901,['Software Development'],,,,,,,,,,,,,,,,,,,,,,,,
/accounts/profile/alaa,['Software Development'],,,,,,,,,,,,,,,,,,,,,,,,
/accounts/profile/philip43210,['Software Development'],,,,,,,,,,,,,,,,,,,,,,,,
/accounts/profile/abiattrell,['Software Development'],,,,,,,,,,,,,,,,,,,,,,,,
/accounts/profile/dimitris,['Software Development'],,,,,,,,,,,,,,,,,,,,,,,,
/accounts/profile/everett,['Software Development'],,,,,,,,,,,,,,,,,,,,,,,,
/accounts/profile/daniel9,['Software Development'],,,,,,,,,,,,,,,,,,,,,,,,
/accounts/profile/jonah,['Software Development'],,,,,,,,,,,,,,,,,,,,,,,,
/accounts/profile/nicolaspipard,"['Software Development', 'Machine Learning']",,,,,,,,,,,,,,,,,,,,,,,,
/accounts/profile/alija.bevrnja,['Software Development'],,,,,,,,,,,,,,,,,,,,,,,,
/accounts/profile/dmytro,['Software Development'],,,,,,,,,,,,,,,,,,,,,,,,
/accounts/profile/melarish,['Software Development'],,,,,,,,,,,,,,,,,,,,,,,,
/accounts/profile/herb,['Software Development'],,,,,,,,,,,,,,,,,,,,,,,,
/accounts/profile/rodyka0312,['Software Development'],,,,,,,,,,,,,,,,,,,,,,,,
/accounts/profile/japneet,['Software Development'],,,,,,,,,,,,,,,,,,,,,,,,
/accounts/profile/matija.b,['Software Development'],,,,,,,,,,,,,,,,,,,,,,,,
/accounts/profile/timothyhew1,['Software Development'],,,,,,,,,,,,,,,,,,,,,,,,
/accounts/profile/dmitriychirkov,['Software Development'],,,,,,,,,,,,,,,,,,,,,,,,
/accounts/profile/andreasparadise,"['Software Development', 'Software Development']",,,,,,,,,,,,,,,,,,,,,,,,
/accounts/profile/dileepdeshpande,['Software Development'],,,,,,,,,,,,,,,,,,,,,,,,
/accounts/profile/lidianazarova,['Software Development'],,,,,,,,,,,,,,,,,,,,,,,,
/accounts/profile/tianlongchen,['Software Development'],,,,,,,,,,,,,,,,,,,,,,,,
/accounts/profile/rodgerhinson,['Software Development'],,,,,,,,,,,,,,,,,,,,,,,,
/accounts/profile/isabellepicard,['Software Development'],,,,,,,,,,,,,,,,,,,,,,,,
/accounts/profile/jrgsm70,['Software Development'],,,,,,,,,,,,,,,,,,,,,,,,
/accounts/profile/robertdalin,['Software Development'],,,,,,,,,,,,,,,,,,,,,,,,
/accounts/profile/krikkku4kumar,['Software Development'],,,,,,,,,,,,,,,,,,,,,,,,
/accounts/profile/DougOlsen,['Software Development'],,,,,,,,,,,,,,,,,,,,,,,,
/accounts/profile/ukaszzawadzki,['Software Development'],,,,,,,,,,,,,,,,,,,,,,,,
/accounts/profile/rpatki,['Software Development'],,,,,,,,,,,,,,,,,,,,,,,,
/accounts/profile/alexanderpolomodov,['Software Development'],,,,,,,,,,,,,,,,,,,,,,,,
/accounts/profile/zenkang,['Software Development'],,,,,,,,,,,,,,,,,,,,,,,,
/accounts/profile/annasakoyan,['Software Development'],,,,,,,,,,,,,,,,,,,,,,,,
/accounts/profile/MauricioLaineS%C3%A1nchez,['Software Development'],,,,,,,,,,,,,,,,,,,,,,,,
/accounts/profile/jacobsayag,['Software Development'],,,,,,,,,,,,,,,,,,,,,,,,
/accounts/profile/milanche986,['Software Development'],,,,,,,,,,,,,,,,,,,,,,,,
/accounts/profile/taniasofiaoliveira1,['Software Development'],,,,,,,,,,,,,,,,,,,,,,,,
/accounts/profile/gaoxuchao,['Software Development'],,,,,,,,,,,,,,,,,,,,,,,,
/accounts/profile/AlexeyTu23,['Software Development'],,,,,,,,,,,,,,,,,,,,,,,,
/accounts/profile/jornpezoldt1,['Software Development'],,,,,,,,,,,,,,,,,,,,,,,,
/accounts/profile/pranaynanda1,['Software Development'],,,,,,,,,,,,,,,,,,,,,,,,
/accounts/profile/lvizcayaprofesor,['Software Development'],,,,,,,,,,,,,,,,,,,,,,,,
/accounts/profile/marjoebriggs,['Software Development'],,,,,,,,,,,,,,,,,,,,,,,,
/accounts/profile/christophercoutlee,['Software Development'],,,,,,,,,,,,,,,,,,,,,,,,
/accounts/profile/stephen.spears.58,['Software Development'],,,,,,,,,,,,,,,,,,,,,,,,
/accounts/profile/davidalkoby,['Software Development'],,,,,,,,,,,,,,,,,,,,,,,,
/accounts/profile/christinabrummett,['Software Development'],,,,,,,,,,,,,,,,,,,,,,,,
/accounts/profile/sergeykorchemkin,['Software Development'],,,,,,,,,,,,,,,,,,,,,,,,
/accounts/profile/langrenfengzi.xiaowei,['Software Development'],,,,,,,,,,,,,,,,,,,,,,,,
/accounts/profile/sergeyyakimovich,['Software Development'],,,,,,,,,,,,,,,,,,,,,,,,
/accounts/profile/georg.bachler,['Software Development'],,,,,,,,,,,,,,,,,,,,,,,,
/accounts/profile/helenzhang1,['Software Development'],,,,,,,,,,,,,,,,,,,,,,,,
/accounts/profile/hiramcarriles,['Software Development'],,,,,,,,,,,,,,,,,,,,,,,,
/accounts/profile/dineshlad,['Software Development'],,,,,,,,,,,,,,,,,,,,,,,,
/accounts/profile/christopherforsyth,['Software Development'],,,,,,,,,,,,,,,,,,,,,,,,
/accounts/profile/christianrmerthulstrup,['Software Development'],,,,,,,,,,,,,,,,,,,,,,,,
/accounts/profile/albertojgarciagago,['Software Development'],,,,,,,,,,,,,,,,,,,,,,,,
/accounts/profile/ricardoadolfoespinosanarvaez,['Software Development'],,,,,,,,,,,,,,,,,,,,,,,,
/accounts/profile/timothyanthony1,['Software Development'],,,,,,,,,,,,,,,,,,,,,,,,
/accounts/profile/vijchid,['Software Development'],,,,,,,,,,,,,,,,,,,,,,,,
/accounts/profile/jesus.cano.mail,['Software Development'],,,,,,,,,,,,,,,,,,,,,,,,
/accounts/profile/annrolett,['Software Development'],,,,,,,,,,,,,,,,,,,,,,,,
/accounts/profile/Maria,['Software Development'],,,,,,,,,,,,,,,,,,,,,,,,
/accounts/profile/likemeng,['Software Development'],,,,,,,,,,,,,,,,,,,,,,,,
/accounts/profile/jackiewerner,"['Software Development', 'Data Analysis', 'Data Analysis']",,,,,,,,,,,,,,,,,,,,,,,,
/accounts/profile/davidlinde,['Software Development'],,,,,,,,,,,,,,,,,,,,,,,,
/accounts/profile/iSaketSinha,['Software Development'],,,,,,,,,,,,,,,,,,,,,,,,
/accounts/profile/janetreyes,['Software Development'],,,,,,,,,,,,,,,,,,,,,,,,
/accounts/profile/gfursu,['Software Development'],,,,,,,,,,,,,,,,,,,,,,,,
/accounts/profile/fredsanfordXXX,['Software Development'],,,,,,,,,,,,,,,,,,,,,,,,
/accounts/profile/petercrouse1,['Software Development'],,,,,,,,,,,,,,,,,,,,,,,,
/accounts/profile/jorgesousa,['Software Development'],,,,,,,,,,,,,,,,,,,,,,,,
/accounts/profile/edwin.siror.14,['Software Development'],,,,,,,,,,,,,,,,,,,,,,,,
/accounts/profile/balajinataraj,['Software Development'],,,,,,,,,,,,,,,,,,,,,,,,
/accounts/profile/alvino.figueiredo,['Software Development'],,,,,,,,,,,,,,,,,,,,,,,,
/accounts/profile/polinapetrenko1,['Software Development'],,,,,,,,,,,,,,,,,,,,,,,,
/accounts/profile/vadimbelikov91,['Software Development'],,,,,,,,,,,,,,,,,,,,,,,,
/accounts/profile/silveriogarciacortes,['Software Development'],,,,,,,,,,,,,,,,,,,,,,,,
/accounts/profile/bhishma.jariwala,['Software Development'],,,,,,,,,,,,,,,,,,,,,,,,
/accounts/profile/sergeyfunin,['Software Development'],,,,,,,,,,,,,,,,,,,,,,,,
/accounts/profile/valerio.gambetti,['Software Development'],,,,,,,,,,,,,,,,,,,,,,,,
/accounts/profile/kathyjohns,['Software Development'],,,,,,,,,,,,,,,,,,,,,,,,
/accounts/profile/doroncahansky,['Software Development'],,,,,,,,,,,,,,,,,,,,,,,,
/accounts/profile/fadimehdy,['Software Development'],,,,,,,,,,,,,,,,,,,,,,,,
/accounts/profile/keechowlow,['Software Development'],,,,,,,,,,,,,,,,,,,,,,,,
/accounts/profile/wzhaoj,['Software Development'],,,,,,,,,,,,,,,,,,,,,,,,
/accounts/profile/vipul.11392,['Software Development'],,,,,,,,,,,,,,,,,,,,,,,,
/accounts/profile/alextoh,['Software Development'],,,,,,,,,,,,,,,,,,,,,,,,
/accounts/profile/qq.is.fe,['Software Development'],,,,,,,,,,,,,,,,,,,,,,,,
/accounts/profile/alistairthomson,['Software Development'],,,,,,,,,,,,,,,,,,,,,,,,
/accounts/profile/glen.runzer,['Software Development'],,,,,,,,,,,,,,,,,,,,,,,,
/accounts/profile/133,['Software Development'],,,,,,,,,,,,,,,,,,,,,,,,
/accounts/profile/eduardomartinez,['Software Development'],,,,,,,,,,,,,,,,,,,,,,,,
/accounts/profile/olegrubinchik,['Software Development'],,,,,,,,,,,,,,,,,,,,,,,,
/accounts/profile/michalzima1,['Software Development'],,,,,,,,,,,,,,,,,,,,,,,,
/accounts/profile/elimaor,['Software Development'],,,,,,,,,,,,,,,,,,,,,,,,
/accounts/profile/mariodiotallevi,['Software Development'],,,,,,,,,,,,,,,,,,,,,,,,
/accounts/profile/josemoura,['Software Development'],,,,,,,,,,,,,,,,,,,,,,,,
/accounts/profile/thomasbennett,['Software Development'],,,,,,,,,,,,,,,,,,,,,,,,
/accounts/profile/claudecaruana,['Software Development'],,,,,,,,,,,,,,,,,,,,,,,,
/accounts/profile/kathyjudd,['Software Development'],,,,,,,,,,,,,,,,,,,,,,,,
/accounts/profile/edsonsuzuki,['Software Development'],,,,,,,,,,,,,,,,,,,,,,,,
/accounts/profile/sidharthwali,['Software Development'],,,,,,,,,,,,,,,,,,,,,,,,
/accounts/profile/mr.bitel,"['Software Development', 'Software Development', 'Sociology']",,,,,,,,,,,,,,,,,,,,,,,,
/accounts/profile/diogopereira,['Software Development'],,,,,,,,,,,,,,,,,,,,,,,,
/accounts/profile/martinsmira,['Software Development'],,,,,,,,,,,,,,,,,,,,,,,,
/accounts/profile/peterkronfeld,['Software Development'],,,,,,,,,,,,,,,,,,,,,,,,
/accounts/profile/patrickwadlington,['Software Development'],,,,,,,,,,,,,,,,,,,,,,,,
/accounts/profile/scottblaydes,['Software Development'],,,,,,,,,,,,,,,,,,,,,,,,
/accounts/profile/giovannidinoia,['Finance'],,,,,,,,,,,,,,,,,,,,,,,,
/accounts/profile/shashankpedamallu,['Mobile and Web Development'],,,,,,,,,,,,,,,,,,,,,,,,
/accounts/profile/shloemi,['Physics and Astronomy'],,,,,,,,,,,,,,,,,,,,,,,,
/accounts/profile/michaelmilburn,['Biology'],,,,,,,,,,,,,,,,,,,,,,,,
/accounts/profile/jaumevallsaltadill,['Software Development'],['Business & Management'],,,,,,,,,,,,,,,,,,,,,,,
/accounts/profile/jostormer1,['Physics and Astronomy'],,,,,,,,,,,,,,,,,,,,,,,,
/accounts/profile/miranda,['Physics and Astronomy'],,,,,,,,,,,,,,,,,,,,,,,,
/accounts/profile/christopher.curr,['Physics and Astronomy'],,,,,,,,,,,,,,,,,,,,,,,,
/accounts/profile/chun_hong,['Physics and Astronomy'],,,,,,,,,,,,,,,,,,,,,,,,
/accounts/profile/support,['Physics and Astronomy'],,,,,,,,,,,,,,,,,,,,,,,,
/accounts/profile/balmerfamilydiane,"['Physics and Astronomy', 'Biology', 'History']",,,,,,,,,,,,,,,,,,,,,,,,
/accounts/profile/rspencercarr,"['Physics and Astronomy', 'Math and Logic']",,,,,,,,,,,,,,,,,,,,,,,,
/accounts/profile/jrdavis,['Physics and Astronomy'],,,,,,,,,,,,,,,,,,,,,,,,
/accounts/profile/ceciliap-g,['Physics and Astronomy'],,,,,,,,,,,,,,,,,,,,,,,,
/accounts/profile/isabelpaiva,['Physics and Astronomy'],,,,,,,,,,,,,,,,,,,,,,,,
/accounts/profile/vdg.gdv,['Physics and Astronomy'],,,,,,,,,,,,,,,,,,,,,,,,
/accounts/profile/kulikova.annae,['Physics and Astronomy'],,,,,,,,,,,,,,,,,,,,,,,,
/accounts/profile/svuille,['Physics and Astronomy'],,,,,,,,,,,,,,,,,,,,,,,,
/accounts/profile/anika,['Physics and Astronomy'],,,,,,,,,,,,,,,,,,,,,,,,
/accounts/profile/talley,['Physics and Astronomy'],,,,,,,,,,,,,,,,,,,,,,,,
/accounts/profile/shacton,['Physics and Astronomy'],,,,,,,,,,,,,,,,,,,,,,,,
/accounts/profile/iamtimiam,['Physics and Astronomy'],,,,,,,,,,,,,,,,,,,,,,,,
/accounts/profile/mathissoeasy,['Physics and Astronomy'],,,,,,,,,,,,,,,,,,,,,,,,
/accounts/profile/stuart,['Physics and Astronomy'],,,,,,,,,,,,,,,,,,,,,,,,
/accounts/profile/charliebrown,['Physics and Astronomy'],,,,,,,,,,,,,,,,,,,,,,,,
/accounts/profile/john24,['Physics and Astronomy'],,,,,,,,,,,,,,,,,,,,,,,,
/accounts/profile/giusibrunetti,['Physics and Astronomy'],,,,,,,,,,,,,,,,,,,,,,,,
/accounts/profile/sonja,['Physics and Astronomy'],,,,,,,,,,,,,,,,,,,,,,,,
/accounts/profile/jakob,['Physics and Astronomy'],,,,,,,,,,,,,,,,,,,,,,,,
/accounts/profile/john22,['Physics and Astronomy'],,,,,,,,,,,,,,,,,,,,,,,,
/accounts/profile/ashchanler,['Physics and Astronomy'],,,,,,,,,,,,,,,,,,,,,,,,
/accounts/profile/dimension,['Physics and Astronomy'],,,,,,,,,,,,,,,,,,,,,,,,
/accounts/profile/brucebarringer,['Physics and Astronomy'],,,,,,,,,,,,,,,,,,,,,,,,
/accounts/profile/rhiannon2,['Physics and Astronomy'],,,,,,,,,,,,,,,,,,,,,,,,
/accounts/profile/iseltzer,['Physics and Astronomy'],,,,,,,,,,,,,,,,,,,,,,,,
/accounts/profile/petabosley,['Physics and Astronomy'],,,,,,,,,,,,,,,,,,,,,,,,
/accounts/profile/office,['Physics and Astronomy'],,,,,,,,,,,,,,,,,,,,,,,,
/accounts/profile/steve9,['Physics and Astronomy'],,,,,,,,,,,,,,,,,,,,,,,,
/accounts/profile/kaspaspam,['Physics and Astronomy'],,,,,,,,,,,,,,,,,,,,,,,,
/accounts/profile/rmozzer,['Physics and Astronomy'],,,,,,,,,,,,,,,,,,,,,,,,
/accounts/profile/ppinsky,['Physics and Astronomy'],,,,,,,,,,,,,,,,,,,,,,,,
/accounts/profile/bigazzis,['Physics and Astronomy'],,,,,,,,,,,,,,,,,,,,,,,,
/accounts/profile/ronaldpaul.ng,['Physics and Astronomy'],,,,,,,,,,,,,,,,,,,,,,,,
/accounts/profile/glebpolyakov,['Physics and Astronomy'],,,,,,,,,,,,,,,,,,,,,,,,
/accounts/profile/michaelflorianschonitzer,['Physics and Astronomy'],,,,,,,,,,,,,,,,,,,,,,,,
/accounts/profile/brettschock,['Physics and Astronomy'],,,,,,,,,,,,,,,,,,,,,,,,
/accounts/profile/charlesclark,"['Physics and Astronomy', 'Data Analysis', 'History']",,,,,,,,,,,,,,,,,,,,,,,,
/accounts/profile/margueritemcelroy,['Physics and Astronomy'],,,,,,,,,,,,,,,,,,,,,,,,
/accounts/profile/robertdavis,['Physics and Astronomy'],,,,,,,,,,,,,,,,,,,,,,,,
/accounts/profile/charlesking,['Biology'],,,,,,,,,,,,,,,,,,,,,,,,
/accounts/profile/nouguier,['Machine Learning'],,,,,,,,,,,,,,,,,,,,,,,,
/accounts/profile/michael18,"['Machine Learning', 'Data Analysis', 'Data Analysis']",,,,,,,,,,,,,,,,,,,,,,,,
/accounts/profile/HeonkyuJin,"['Machine Learning', 'Probability and Statistics', 'Economics']",,,,,,,,,,,,,,,,,,,,,,,,
/accounts/profile/pablocouto,['Machine Learning'],,,,,,,,,,,,,,,,,,,,,,,,
/accounts/profile/kristinasekrst,"['Machine Learning', 'Computer Science', 'Data Analysis', 'Data Analysis']",,,,,,,,,,,,,,,,,,,,,,,,
/accounts/profile/mcloney,['Machine Learning'],['Data Analysis & Statistics'],,,,,,,,,,,,,,,,,,,,,,,
/accounts/profile/soroushpour,['Machine Learning'],,,,,,,,,,,,,,,,,,,,,,,,
/accounts/profile/shekharsivaraman,"['Machine Learning', 'Data Analysis & Statistics']",,,,,,,,,,,,,,,,,,,,,,,,
/accounts/profile/prashantjoshi,['Machine Learning'],,,,,,,,,,,,,,,,,,,,,,,,
/accounts/profile/emmanuelladoux,['Machine Learning'],,,,,,,,,,,,,,,,,,,,,,,,
/accounts/profile/antoniomunoz,['Machine Learning'],,,,,,,,,,,,,,,,,,,,,,,,
/accounts/profile/andreboechat,['Machine Learning'],,,,,,,,,,,,,,,,,,,,,,,,
/accounts/profile/muthuchithambarajothi,['Machine Learning'],,,,,,,,,,,,,,,,,,,,,,,,
/accounts/profile/hayimlusthaus,['Machine Learning'],,,,,,,,,,,,,,,,,,,,,,,,
/accounts/profile/richardtaylor,['Machine Learning'],['Data Analysis'],"['Sociology', 'Computer Science']",['Computer Science'],"['Economics', 'Economics']","['Computer Science', 'Economics', 'Data Analysis & Statistics']",['Data Analysis'],"['Data Analysis', 'Data Analysis', 'Data Analysis', 'Data Analysis', 'Data Analysis']",,,,,,,,,,,,,,,,,
/accounts/profile/ivofernandes,"['Data Analysis', 'Economics']",['Entrepreneurship'],,,,,,,,,,,,,,,,,,,,,,,
/accounts/profile/juanlishen,['Software Development'],,,,,,,,,,,,,,,,,,,,,,,,
/accounts/profile/ronaldkeeperman,['Music and Art'],,,,,,,,,,,,,,,,,,,,,,,,
/accounts/profile/mobropta,['Music and Art'],,,,,,,,,,,,,,,,,,,,,,,,
/accounts/profile/magda.kastani,['Music and Art'],,,,,,,,,,,,,,,,,,,,,,,,
/accounts/profile/marcelvilaros,['History'],,,,,,,,,,,,,,,,,,,,,,,,
/accounts/profile/BikinIt,['History'],,,,,,,,,,,,,,,,,,,,,,,,
/accounts/profile/clairebennett,['History'],,,,,,,,,,,,,,,,,,,,,,,,
/accounts/profile/red.schonewille,['History'],,,,,,,,,,,,,,,,,,,,,,,,
/accounts/profile/donnabridges,"['History', 'Medicine & Healthcare']",,,,,,,,,,,,,,,,,,,,,,,,
/accounts/profile/karenashleygreenstone,['History'],,,,,,,,,,,,,,,,,,,,,,,,
/accounts/profile/jannie.trouwborstvanoostrum,['History'],,,,,,,,,,,,,,,,,,,,,,,,
/accounts/profile/johannayaffe,"['History', 'History']",,,,,,,,,,,,,,,,,,,,,,,,
/accounts/profile/susanblove1959,['History'],,,,,,,,,,,,,,,,,,,,,,,,
/accounts/profile/elizabeth4,['Business Essentials'],,,,,,,,,,,,,,,,,,,,,,,,
/accounts/profile/jeremiah,['Business Essentials'],,,,,,,,,,,,,,,,,,,,,,,,
/accounts/profile/isma.aluma,['Business Essentials'],,,,,,,,,,,,,,,,,,,,,,,,
/accounts/profile/cristian,['Business Essentials'],,,,,,,,,,,,,,,,,,,,,,,,
/accounts/profile/aryawidhaswara,['Business Essentials'],,,,,,,,,,,,,,,,,,,,,,,,
/accounts/profile/olivier2,['Business Essentials'],,,,,,,,,,,,,,,,,,,,,,,,
/accounts/profile/almas.you4it,['Business Essentials'],,,,,,,,,,,,,,,,,,,,,,,,
/accounts/profile/lporcena,['Business Essentials'],,,,,,,,,,,,,,,,,,,,,,,,
/accounts/profile/dianacrey,['Business Essentials'],,,,,,,,,,,,,,,,,,,,,,,,
/accounts/profile/lisa5,['Business Essentials'],,,,,,,,,,,,,,,,,,,,,,,,
/accounts/profile/sandykotwal,['Business Essentials'],,,,,,,,,,,,,,,,,,,,,,,,
/accounts/profile/manelisik,['Business Essentials'],,,,,,,,,,,,,,,,,,,,,,,,
/accounts/profile/cipisec,['Business Essentials'],,,,,,,,,,,,,,,,,,,,,,,,
/accounts/profile/ingjairocardenas,['Business Essentials'],,,,,,,,,,,,,,,,,,,,,,,,
/accounts/profile/dariya,['Business Essentials'],,,,,,,,,,,,,,,,,,,,,,,,
/accounts/profile/tajudeenagboola,['Business Essentials'],,,,,,,,,,,,,,,,,,,,,,,,
/accounts/profile/d4wanjira,['Business Essentials'],,,,,,,,,,,,,,,,,,,,,,,,
/accounts/profile/violeta.momcilovic,['Business Essentials'],,,,,,,,,,,,,,,,,,,,,,,,
/accounts/profile/samuel.owusu24,['Business Essentials'],,,,,,,,,,,,,,,,,,,,,,,,
/accounts/profile/ammarfb,['Business Essentials'],,,,,,,,,,,,,,,,,,,,,,,,
/accounts/profile/olga_zt,['Business Essentials'],,,,,,,,,,,,,,,,,,,,,,,,
/accounts/profile/alok2,"['Business Essentials', 'Economics']",,,,,,,,,,,,,,,,,,,,,,,,
/accounts/profile/nyonjo,['Business Essentials'],,,,,,,,,,,,,,,,,,,,,,,,
/accounts/profile/jagan,['Business Essentials'],,,,,,,,,,,,,,,,,,,,,,,,
/accounts/profile/hamid.ali,['Business Essentials'],,,,,,,,,,,,,,,,,,,,,,,,
/accounts/profile/stephanie6,['Business Essentials'],,,,,,,,,,,,,,,,,,,,,,,,
/accounts/profile/eduardodsat,['Business Essentials'],,,,,,,,,,,,,,,,,,,,,,,,
/accounts/profile/shyunrenn,['Business Essentials'],,,,,,,,,,,,,,,,,,,,,,,,
/accounts/profile/abuendias,['Business Essentials'],,,,,,,,,,,,,,,,,,,,,,,,
/accounts/profile/shreyas2,['Business Essentials'],,,,,,,,,,,,,,,,,,,,,,,,
/accounts/profile/joseph5,['Business Essentials'],,,,,,,,,,,,,,,,,,,,,,,,
/accounts/profile/mariademenaga,['Business Essentials'],,,,,,,,,,,,,,,,,,,,,,,,
/accounts/profile/charles-henri.gayot,['Business Essentials'],,,,,,,,,,,,,,,,,,,,,,,,
/accounts/profile/marcelobastos_adm,['Business Essentials'],,,,,,,,,,,,,,,,,,,,,,,,
/accounts/profile/eng_islam_h,['Business Essentials'],,,,,,,,,,,,,,,,,,,,,,,,
/accounts/profile/adajisule,['Business Essentials'],,,,,,,,,,,,,,,,,,,,,,,,
/accounts/profile/henry.karl2,['Business Essentials'],,,,,,,,,,,,,,,,,,,,,,,,
/accounts/profile/donspop,['Business Essentials'],,,,,,,,,,,,,,,,,,,,,,,,
/accounts/profile/rab2364,['Business Essentials'],,,,,,,,,,,,,,,,,,,,,,,,
/accounts/profile/evankgl,['Business Essentials'],,,,,,,,,,,,,,,,,,,,,,,,
/accounts/profile/jingyanchen0827,['Business Essentials'],,,,,,,,,,,,,,,,,,,,,,,,
/accounts/profile/manuela,['Business Essentials'],,,,,,,,,,,,,,,,,,,,,,,,
/accounts/profile/efezino,['Business Essentials'],,,,,,,,,,,,,,,,,,,,,,,,
/accounts/profile/simone2,['Business Essentials'],,,,,,,,,,,,,,,,,,,,,,,,
/accounts/profile/raufsaha,['Business Essentials'],,,,,,,,,,,,,,,,,,,,,,,,
/accounts/profile/freemantwumasi,['Business Essentials'],,,,,,,,,,,,,,,,,,,,,,,,
/accounts/profile/adelegan,['Business Essentials'],,,,,,,,,,,,,,,,,,,,,,,,
/accounts/profile/marcos.e.g.lima,['Business Essentials'],,,,,,,,,,,,,,,,,,,,,,,,
/accounts/profile/stavro_stavrou,['Business Essentials'],,,,,,,,,,,,,,,,,,,,,,,,
/accounts/profile/gihanfaraj,['Business Essentials'],,,,,,,,,,,,,,,,,,,,,,,,
/accounts/profile/piruz.rahimi,['Business Essentials'],,,,,,,,,,,,,,,,,,,,,,,,
/accounts/profile/ronen,['Business Essentials'],,,,,,,,,,,,,,,,,,,,,,,,
/accounts/profile/s3,['Business Essentials'],,,,,,,,,,,,,,,,,,,,,,,,
/accounts/profile/cloverhuang,['Business Essentials'],,,,,,,,,,,,,,,,,,,,,,,,
/accounts/profile/marcelo3,['Business Essentials'],,,,,,,,,,,,,,,,,,,,,,,,
/accounts/profile/thiyag.qs,['Business Essentials'],,,,,,,,,,,,,,,,,,,,,,,,
/accounts/profile/cgleberman,['Business Essentials'],,,,,,,,,,,,,,,,,,,,,,,,
/accounts/profile/easrj,['Business Essentials'],,,,,,,,,,,,,,,,,,,,,,,,
/accounts/profile/sumserve,['Business Essentials'],,,,,,,,,,,,,,,,,,,,,,,,
/accounts/profile/omotayoabiodun,['Business Essentials'],,,,,,,,,,,,,,,,,,,,,,,,
/accounts/profile/imgunjan,['Business Essentials'],,,,,,,,,,,,,,,,,,,,,,,,
/accounts/profile/haroldo,['Business Essentials'],,,,,,,,,,,,,,,,,,,,,,,,
/accounts/profile/luis10,['Business Essentials'],,,,,,,,,,,,,,,,,,,,,,,,
/accounts/profile/menon_vijayakumar,['Business Essentials'],,,,,,,,,,,,,,,,,,,,,,,,
/accounts/profile/joan3,['Business Essentials'],,,,,,,,,,,,,,,,,,,,,,,,
/accounts/profile/andrey3,['Business Essentials'],,,,,,,,,,,,,,,,,,,,,,,,
/accounts/profile/bankit2113,['Business Essentials'],,,,,,,,,,,,,,,,,,,,,,,,
/accounts/profile/xiaoting0523,['Business Essentials'],,,,,,,,,,,,,,,,,,,,,,,,
/accounts/profile/giorgia,['Business Essentials'],,,,,,,,,,,,,,,,,,,,,,,,
/accounts/profile/ana6,['Business Essentials'],,,,,,,,,,,,,,,,,,,,,,,,
/accounts/profile/sao,['Business Essentials'],,,,,,,,,,,,,,,,,,,,,,,,
/accounts/profile/abdirahman_hussein,['Business Essentials'],,,,,,,,,,,,,,,,,,,,,,,,
/accounts/profile/juliana2,['Probability and Statistics'],,,,,,,,,,,,,,,,,,,,,,,,
/accounts/profile/joyce,['Probability and Statistics'],,,,,,,,,,,,,,,,,,,,,,,,
/accounts/profile/willem_vdb,['Probability and Statistics'],,,,,,,,,,,,,,,,,,,,,,,,
/accounts/profile/bart,['Probability and Statistics'],,,,,,,,,,,,,,,,,,,,,,,,
/accounts/profile/sp1,"['Computer Security and Networks', 'Computer Security and Networks']",['Algorithms'],,,,,,,,,,,,,,,,,,,,,,,
/accounts/profile/danieleantonioli,['Algorithms'],['Design and Product'],,,,,,,,,,,,,,,,,,,,,,,
/accounts/profile/joyrothke1,['History'],,,,,,,,,,,,,,,,,,,,,,,,
/accounts/profile/michelle,['History'],,,,,,,,,,,,,,,,,,,,,,,,
/accounts/profile/ineseokonova,"['History', 'Music and Art']",,,,,,,,,,,,,,,,,,,,,,,,
/accounts/profile/ahmed.elkafrawy.180,['Software Development'],,,,,,,,,,,,,,,,,,,,,,,,
/accounts/profile/kaz_yos,['Software Development'],,,,,,,,,,,,,,,,,,,,,,,,
/accounts/profile/christopherdsouza,['Computer Science'],,,,,,,,,,,,,,,,,,,,,,,,
/accounts/profile/igortodorovic,['Software Development'],,,,,,,,,,,,,,,,,,,,,,,,
/accounts/profile/ashutoshdesai,['Economics'],,,,,,,,,,,,,,,,,,,,,,,,
/accounts/profile/thomasforsell,"['Economics', 'Economics']",,,,,,,,,,,,,,,,,,,,,,,,
/accounts/profile/ksenia2,['Entrepreneurship'],,,,,,,,,,,,,,,,,,,,,,,,
/accounts/profile/gauravchadha1,['Entrepreneurship'],,,,,,,,,,,,,,,,,,,,,,,,
/accounts/profile/izhjeka,['Entrepreneurship'],,,,,,,,,,,,,,,,,,,,,,,,
/accounts/profile/arturrebouta,['Music and Art'],,,,,,,,,,,,,,,,,,,,,,,,
/accounts/profile/danrooney,['Music and Art'],,,,,,,,,,,,,,,,,,,,,,,,
/accounts/profile/dmitry2,['Algorithms'],,,,,,,,,,,,,,,,,,,,,,,,
/accounts/profile/rachelrees,['Biology'],,,,,,,,,,,,,,,,,,,,,,,,
/accounts/profile/juliepianu,['Biology'],,,,,,,,,,,,,,,,,,,,,,,,
/accounts/profile/carolinash,['Software Development'],['Biology'],,,,,,,,,,,,,,,,,,,,,,,
/accounts/profile/lauramacneil,['Music and Art'],,,,,,,,,,,,,,,,,,,,,,,,
/accounts/profile/apranskevicius,['Data Analysis'],,,,,,,,,,,,,,,,,,,,,,,,
/accounts/profile/sanjay2,['Data Analysis'],,,,,,,,,,,,,,,,,,,,,,,,
/accounts/profile/greg.lumpkin,['Data Analysis'],,,,,,,,,,,,,,,,,,,,,,,,
/accounts/profile/dragon,['Data Analysis'],,,,,,,,,,,,,,,,,,,,,,,,
/accounts/profile/taionesikivou,['Data Analysis'],,,,,,,,,,,,,,,,,,,,,,,,
/accounts/profile/jakubczaplicki,['Data Analysis'],,,,,,,,,,,,,,,,,,,,,,,,
/accounts/profile/aa,['Data Analysis'],,,,,,,,,,,,,,,,,,,,,,,,
/accounts/profile/jianninetorres,['Medicine & Healthcare'],,,,,,,,,,,,,,,,,,,,,,,,
/accounts/profile/vikashshaw,['Computer Science'],,,,,,,,,,,,,,,,,,,,,,,,
/accounts/profile/alisonsommers,['Music and Art'],,,,,,,,,,,,,,,,,,,,,,,,
/accounts/profile/juzerali,['Computer Science'],,,,,,,,,,,,,,,,,,,,,,,,
/accounts/profile/julien.dubois.88,"['Physics and Astronomy', 'Physics and Astronomy']",,,,,,,,,,,,,,,,,,,,,,,,
/accounts/profile/pranavm,['Physics and Astronomy'],,,,,,,,,,,,,,,,,,,,,,,,
/accounts/profile/marcelosoares1,['Software Development'],,,,,,,,,,,,,,,,,,,,,,,,
/accounts/profile/pauloalmeida,"['Software Development', 'Data Analysis']",,,,,,,,,,,,,,,,,,,,,,,,
/accounts/profile/scottlordnovelist,['Music and Art'],,,,,,,,,,,,,,,,,,,,,,,,
/accounts/profile/Ciremme,['Medicine & Healthcare'],['Psychology'],,,,,,,,,,,,,,,,,,,,,,,
/accounts/profile/danfriedman,['Machine Learning'],,,,,,,,,,,,,,,,,,,,,,,,
/accounts/profile/haraldkorneliussen,['Software Development'],,,,,,,,,,,,,,,,,,,,,,,,
/accounts/profile/alexandersmith,['Software Development'],,,,,,,,,,,,,,,,,,,,,,,,
/accounts/profile/sethjohnson,['Software Development'],,,,,,,,,,,,,,,,,,,,,,,,
/accounts/profile/anitabogs,['Software Development'],,,,,,,,,,,,,,,,,,,,,,,,
/accounts/profile/rickbolt,['Software Development'],,,,,,,,,,,,,,,,,,,,,,,,
/accounts/profile/stevehabina,['Software Development'],,,,,,,,,,,,,,,,,,,,,,,,
/accounts/profile/stef,['Biology'],,,,,,,,,,,,,,,,,,,,,,,,
/accounts/profile/emad2,['Medicine & Healthcare'],,,,,,,,,,,,,,,,,,,,,,,,
/accounts/profile/alecrogers,['Law'],,,,,,,,,,,,,,,,,,,,,,,,
/accounts/profile/carolknox,['Leadership and Management'],,,,,,,,,,,,,,,,,,,,,,,,
/accounts/profile/paulineglk,['Economics'],,,,,,,,,,,,,,,,,,,,,,,,
/accounts/profile/gabrieladiaz,['Medicine & Healthcare'],,,,,,,,,,,,,,,,,,,,,,,,
/accounts/profile/haleyrichardson,['Biology'],,,,,,,,,,,,,,,,,,,,,,,,
/accounts/profile/ellenmcgowen1,['Biology'],,,,,,,,,,,,,,,,,,,,,,,,
/accounts/profile/jameslong,['Biology'],,,,,,,,,,,,,,,,,,,,,,,,
/accounts/profile/elizabennett,['Biology'],,,,,,,,,,,,,,,,,,,,,,,,
/accounts/profile/ny,"['Psychology', 'Medicine & Healthcare']",,,,,,,,,,,,,,,,,,,,,,,,
/accounts/profile/dianewatson,['Psychology'],,,,,,,,,,,,,,,,,,,,,,,,
/accounts/profile/saiheiy,['Machine Learning'],,,,,,,,,,,,,,,,,,,,,,,,
/accounts/profile/lsla,['Electrical Engineering'],,,,,,,,,,,,,,,,,,,,,,,,
/accounts/profile/yizhakabudi,['Algorithms'],,,,,,,,,,,,,,,,,,,,,,,,
/accounts/profile/heinrichvimmstadtl,['Algorithms'],,,,,,,,,,,,,,,,,,,,,,,,
/accounts/profile/juliabrauer,['Algorithms'],,,,,,,,,,,,,,,,,,,,,,,,
/accounts/profile/akshayjain,['Algorithms'],,,,,,,,,,,,,,,,,,,,,,,,
/accounts/profile/sylvainbenner,['Algorithms'],,,,,,,,,,,,,,,,,,,,,,,,
/accounts/profile/hannahgeene,['Biology'],,,,,,,,,,,,,,,,,,,,,,,,
/accounts/profile/turist,['Machine Learning'],,,,,,,,,,,,,,,,,,,,,,,,
/accounts/profile/modsat998,['Education'],,,,,,,,,,,,,,,,,,,,,,,,
/accounts/profile/kaushikrajan,['Finance'],,,,,,,,,,,,,,,,,,,,,,,,
/accounts/profile/justinarcher,['Governance and Society'],,,,,,,,,,,,,,,,,,,,,,,,
/accounts/profile/Niranjan.krishnamoorthi,['Learning English'],,,,,,,,,,,,,,,,,,,,,,,,
/accounts/profile/JorimHoltey-Weber,['Leadership and Management'],,,,,,,,,,,,,,,,,,,,,,,,
/accounts/profile/mostafakamal,['Law'],,,,,,,,,,,,,,,,,,,,,,,,
/accounts/profile/danielsavard,['Computer Science'],,,,,,,,,,,,,,,,,,,,,,,,
/accounts/profile/jesussalvadorgalvezorozco,['Biology'],,,,,,,,,,,,,,,,,,,,,,,,
/accounts/profile/gsemyonov,['Economics'],,,,,,,,,,,,,,,,,,,,,,,,
/accounts/profile/elena1,['Psychology'],,,,,,,,,,,,,,,,,,,,,,,,
/accounts/profile/samuelwere63,['Business'],,,,,,,,,,,,,,,,,,,,,,,,
/accounts/profile/tungaalex2003,['Business'],,,,,,,,,,,,,,,,,,,,,,,,
/accounts/profile/maartjedriessen,['Governance and Society'],,,,,,,,,,,,,,,,,,,,,,,,
/accounts/profile/marwan,['Medicine & Healthcare'],,,,,,,,,,,,,,,,,,,,,,,,
/accounts/profile/sieberttenseven,['Math and Logic'],,,,,,,,,,,,,,,,,,,,,,,,
/accounts/profile/destontanner,['Education'],,,,,,,,,,,,,,,,,,,,,,,,
/accounts/profile/ehsanbouhendi,['Software Development'],['Finance'],,,,,,,,,,,,,,,,,,,,,,,
/accounts/profile/danielepetricca,['Math and Logic'],,,,,,,,,,,,,,,,,,,,,,,,
/accounts/profile/henriettalivingstone,['Bioinformatics'],,,,,,,,,,,,,,,,,,,,,,,,
/accounts/profile/bartekwytrzyszczewski,['Psychology'],,,,,,,,,,,,,,,,,,,,,,,,
/accounts/profile/sp,['Psychology'],,,,,,,,,,,,,,,,,,,,,,,,
/accounts/profile/joshc,"['Psychology', 'Philosophy']",,,,,,,,,,,,,,,,,,,,,,,,
/accounts/profile/alisonbulbeck,['History'],,,,,,,,,,,,,,,,,,,,,,,,
/accounts/profile/jodimillard,"['History', 'Education', 'Education', 'Business Strategy', 'Education']",,,,,,,,,,,,,,,,,,,,,,,,
/accounts/profile/mirjam.elisabeth,['Economics & Finance'],,,,,,,,,,,,,,,,,,,,,,,,
/accounts/profile/anon456,['Probability and Statistics'],,,,,,,,,,,,,,,,,,,,,,,,
/accounts/profile/aarthimohan,['Bioinformatics'],,,,,,,,,,,,,,,,,,,,,,,,
/accounts/profile/mikewilson,['Leadership and Management'],,,,,,,,,,,,,,,,,,,,,,,,
/accounts/profile/bjornremseth,['Physics and Astronomy'],,,,,,,,,,,,,,,,,,,,,,,,
/accounts/profile/carolhyde,['Clinical Science'],,,,,,,,,,,,,,,,,,,,,,,,
/accounts/profile/dave.rosenman,['Chemistry'],,,,,,,,,,,,,,,,,,,,,,,,
/accounts/profile/mahmoudfathy,['Math and Logic'],,,,,,,,,,,,,,,,,,,,,,,,
/accounts/profile/taylor3,['Mobile and Web Development'],,,,,,,,,,,,,,,,,,,,,,,,
/accounts/profile/luiseduardosalcedokosma,['Data Analysis'],,,,,,,,,,,,,,,,,,,,,,,,
/accounts/profile/davidasboth,['Data Analysis'],,,,,,,,,,,,,,,,,,,,,,,,
/accounts/profile/miguelasencio,['Data Analysis'],,,,,,,,,,,,,,,,,,,,,,,,
/accounts/profile/petermoldovia1,['Computer Science'],,,,,,,,,,,,,,,,,,,,,,,,
/accounts/profile/ericofujiwara,['Medicine & Healthcare'],,,,,,,,,,,,,,,,,,,,,,,,
/accounts/profile/christmasdelight,['Entrepreneurship'],,,,,,,,,,,,,,,,,,,,,,,,
/accounts/profile/philipschiff,['Computer Science'],,,,,,,,,,,,,,,,,,,,,,,,
/accounts/profile/yohan_kiwi,['Social Sciences'],,,,,,,,,,,,,,,,,,,,,,,,
/accounts/profile/nmlascan,['Math and Logic'],,,,,,,,,,,,,,,,,,,,,,,,
/accounts/profile/paveltyan,['Finance'],,,,,,,,,,,,,,,,,,,,,,,,
/accounts/profile/aratinga77,['Data Analysis'],,,,,,,,,,,,,,,,,,,,,,,,
/accounts/profile/jerryjacobs,['Data Analysis'],,,,,,,,,,,,,,,,,,,,,,,,
/accounts/profile/kshirsagarrohitr,['Data Analysis'],,,,,,,,,,,,,,,,,,,,,,,,
/accounts/profile/annadesiatnik,['Data Analysis'],,,,,,,,,,,,,,,,,,,,,,,,
/accounts/profile/tamasnagy,['Data Analysis'],,,,,,,,,,,,,,,,,,,,,,,,
/accounts/profile/eric3,['Data Analysis'],,,,,,,,,,,,,,,,,,,,,,,,
/accounts/profile/bernardo,['Data Analysis'],,,,,,,,,,,,,,,,,,,,,,,,
/accounts/profile/martagc,['Data Analysis'],,,,,,,,,,,,,,,,,,,,,,,,
/accounts/profile/avideutsch,['Data Analysis'],,,,,,,,,,,,,,,,,,,,,,,,
/accounts/profile/dicconclose,['Data Analysis'],,,,,,,,,,,,,,,,,,,,,,,,
/accounts/profile/dennismeier,['Anthropology'],,,,,,,,,,,,,,,,,,,,,,,,
/accounts/profile/adtyaagrwal,['Leadership and Management'],,,,,,,,,,,,,,,,,,,,,,,,
/accounts/profile/deanschulze,['Mobile and Web Development'],,,,,,,,,,,,,,,,,,,,,,,,
/accounts/profile/Leyil,"['Math and Logic', 'Math and Logic']",,,,,,,,,,,,,,,,,,,,,,,,
